name,rg_label,rg_label_raw,genome_type_enc,taxonomic_family_enc,is_dna,is_enveloped,is_segmented,is_vector_borne,is_zoonotic,infects_humans,host_breadth
Adeno-associated virus rh.10,0,1,6,47,,1.0,0.0,,1.0,,3.0
Aedes flavivirus,0,1,6,47,,1.0,1.0,0.0,1.0,0.0,1.0
Alongshan virus,2,3,6,47,,1.0,1.0,0.0,1.0,,7.0
Alphaarterivirus equid,0,1,4,5,0.0,1.0,,,,,
Alphabaculovirus adhonmai,0,1,0,8,1.0,,,,,,
Alphabaculovirus agipsilonis,0,1,0,8,1.0,,,,,,
Alphabaculovirus agsegetum,0,1,0,8,1.0,,,,,,
Alphabaculovirus alteragsegetum,0,1,0,8,1.0,,,,,,
Alphabaculovirus alterchofumiferanae,0,1,0,8,1.0,,,,,,
Alphabaculovirus altermaconfiguratae,0,1,0,8,1.0,,,,,,
Alphabaculovirus angemmatalis,0,1,0,8,1.0,,,,,,
Alphabaculovirus anpernyi,0,1,0,8,1.0,,,,,,
Alphabaculovirus aucalifornicae,0,1,0,8,1.0,,,,,,
Alphabaculovirus bomori,0,1,0,8,1.0,,,,,,
Alphabaculovirus busuppressariae,0,1,0,8,1.0,,,,,,
Alphabaculovirus capomonae,0,1,0,8,1.0,,,,,,
Alphabaculovirus chofumiferanae,0,1,0,8,1.0,,,,,,
Alphabaculovirus chomurinanae,0,1,0,8,1.0,,,,,,
Alphabaculovirus chorosaceanae,0,1,0,8,1.0,,,,,,
Alphabaculovirus chrincludentis,0,1,0,8,1.0,,,,,,
Alphabaculovirus chrychalcites,0,1,0,8,1.0,,,,,,
Alphabaculovirus clabilineatae,0,1,0,8,1.0,,,,,,
Alphabaculovirus ecobliquae,0,1,0,8,1.0,,,,,,
Alphabaculovirus eppostvittanae,0,1,0,8,1.0,,,,,,
Alphabaculovirus eupseudoconspersae,0,1,0,8,1.0,,,,,,
Alphabaculovirus helarmigerae,0,1,0,8,1.0,,,,,,
Alphabaculovirus hycuneae,0,1,0,8,1.0,,,,,,
Alphabaculovirus lafiscellariae,0,1,0,8,1.0,,,,,,
Alphabaculovirus leseparatae,0,1,0,8,1.0,,,,,,
Alphabaculovirus lydisparis,0,1,0,8,1.0,,,,,,
Alphabaculovirus lyxylinae,0,1,0,8,1.0,,,,,,
Alphabaculovirus mabrassicae,0,1,0,8,1.0,,,,,,
Alphabaculovirus maconfiguratae,0,1,0,8,1.0,,,,,,
Alphabaculovirus mavitratae,0,1,0,8,1.0,,,,,,
Alphabaculovirus orleucostigmae,0,1,0,8,1.0,,,,,,
Alphabaculovirus orpseudotsugatae,0,1,0,8,1.0,,,,,,
Alphabaculovirus spexiguae,0,1,0,8,1.0,,,,,0.0,1.0
Alphabaculovirus splittoralis,0,1,0,8,1.0,,,,,,
Alphabaculovirus spliturae,0,1,0,8,1.0,,,,,,
Alphabaculovirus spofrugiperdae,0,1,0,8,1.0,,,,,,
Alphabaculovirus sujujubae,0,1,0,8,1.0,,,,,,
Alphabaculovirus thorichlaceae,0,1,0,8,1.0,,,,,,
Alphabaculovirus trini,0,1,0,8,1.0,,,,,,
Alphabaculovirus wisignatae,0,1,0,8,1.0,,,,,,
Alphacoronavirus porci,0,1,4,13,0.0,1.0,0.0,0.0,0.0,,1.0
Alphacoronavirus suis,0,1,4,13,0.0,1.0,0.0,0.0,0.0,,1.0
Alphainfluenzavirus influenzae (H1N1)pdm09,1,2,5,29,0.0,1.0,1.0,0.0,1.0,,22.0
Alphainfluenzavirus influenzae (H1N2)v,1,2,5,29,0.0,1.0,,,,,
Alphainfluenzavirus influenzae A/American wigeon/South Carolina/22-000345-001/2021 (H5N1) IDCDC-RG78A,1,2,5,29,0.0,1.0,1.0,0.0,1.0,,22.0
Alphainfluenzavirus influenzae A/Anhui/01/2005(H5N1)-PR8 IDCDC RG6,1,2,5,29,0.0,1.0,1.0,0.0,1.0,,22.0
Alphainfluenzavirus influenzae A/Anhui/1/2013(H7N9)-PR8 NIBRG-268,1,2,5,29,0.0,1.0,,,,,
Alphainfluenzavirus influenzae A/Ann Arbor/6/60 cold-adapted (H2N2),1,2,5,29,0.0,1.0,,,,,
Alphainfluenzavirus influenzae A/Astrakhan/3212/2020 (H5N8) IDCDC-RG71A,1,2,5,29,0.0,1.0,,,,,
Alphainfluenzavirus influenzae A/California/7/2009(H1N1)-PA(I38M),1,2,5,29,0.0,1.0,1.0,0.0,1.0,,22.0
Alphainfluenzavirus influenzae A/California/7/2009(H1N1)-PA(I38T),1,2,5,29,0.0,1.0,1.0,0.0,1.0,,22.0
Alphainfluenzavirus influenzae A/California/7/2009(H1N1)-PR8 NYMC X-181,1,2,5,29,0.0,1.0,1.0,0.0,1.0,,22.0
Alphainfluenzavirus influenzae A/California/7/2009(H1N1)-PR8 NYMC X-181A,1,2,5,29,0.0,1.0,1.0,0.0,1.0,,22.0
Alphainfluenzavirus influenzae A/California/7/2009(H1N1)-PR8 NYMC X-181B,1,2,5,29,0.0,1.0,1.0,0.0,1.0,,22.0
Alphainfluenzavirus influenzae A/California/7/2009(H1N1)-PR8 NYMC X179A,1,2,5,29,0.0,1.0,1.0,0.0,1.0,,22.0
Alphainfluenzavirus influenzae A/Chicken/Bangladesh/11rs1984-30/2011(H5N1)-PR8 IDCDC RG36,1,2,5,29,0.0,1.0,1.0,0.0,1.0,,22.0
Alphainfluenzavirus influenzae A/Chicken/Hong Kong/G9/97(H9N2)-PR8 NIBRG-91,1,2,5,29,0.0,1.0,,,,,
Alphainfluenzavirus influenzae A/Chicken/Vietnam/NCVD-03/2008(H5N1)-PR8-IDCDC-25a,1,2,5,29,0.0,1.0,1.0,0.0,1.0,,22.0
Alphainfluenzavirus influenzae A/Egypt/N03072/2010(H5N1)-PR8-IDCDC-29,1,2,5,29,0.0,1.0,1.0,0.0,1.0,,22.0
Alphainfluenzavirus influenzae A/Hong Kong/125/2017(H7N9)-IDCDC-RG56B,1,2,5,29,0.0,1.0,,,,,
Alphainfluenzavirus influenzae A/Hubei/1/2010(H5N1)-PR8-IDCDC-30,1,2,5,29,0.0,1.0,1.0,0.0,1.0,,22.0
Alphainfluenzavirus influenzae A/India/NIV/2006(H5N1)-PR8-IBCDC-RG7,1,2,5,29,0.0,1.0,1.0,0.0,1.0,,22.0
Alphainfluenzavirus influenzae A/Indonesia/5/2005(H5N1)-PR8 IDCDC RG2,1,2,5,29,0.0,1.0,1.0,0.0,1.0,,22.0
Alphainfluenzavirus influenzae A/Mallard/Netherlands/12/2000(H7N1)-PR8 NIBRG-63,1,2,5,29,0.0,1.0,,,,,
Alphainfluenzavirus influenzae A/Mallard/Netherlands/12/2000(H7N3)-PR8 NIBRG-60,1,2,5,29,0.0,1.0,,,,,
Alphainfluenzavirus influenzae A/Mallard/Netherlands/12/2000(H7N7)-IBCDC-1,1,2,5,29,0.0,1.0,,,,,
Alphainfluenzavirus influenzae A/NWS/G70c (H1N9),1,2,5,29,0.0,1.0,,,,,
Alphainfluenzavirus influenzae A/New Jersey/8/1976 H1N1,1,2,5,29,0.0,1.0,1.0,0.0,1.0,,22.0
Alphainfluenzavirus influenzae A/Puerto Rico/8/1934 (H1N1),1,2,5,29,0.0,1.0,1.0,0.0,1.0,,22.0
Alphainfluenzavirus influenzae A/Puerto Rico/8/1934 (H1N1)-NA(Bov),1,2,5,29,0.0,1.0,1.0,0.0,1.0,,22.0
Alphainfluenzavirus influenzae A/Puerto Rico/8/1934(H1N1)-PA(I38T),1,2,5,29,0.0,1.0,1.0,0.0,1.0,,22.0
Alphainfluenzavirus influenzae A/Shanghai/2/2013(H7N9)-PR8 IDCDC-RG32A,1,2,5,29,0.0,1.0,,,,,
Alphainfluenzavirus influenzae A/Shanghai/2/2013(H7N9)-PR8 NIBRG-267,1,2,5,29,0.0,1.0,,,,,
Alphainfluenzavirus influenzae A/Sichuan/26221/2014(H5N6)-PR8 IDCDC RG42A,1,2,5,29,0.0,1.0,,,,,
Alphainfluenzavirus influenzae A/Turkey/1/2005(H5N1)-PR8 NIBRG-23,1,2,5,29,0.0,1.0,1.0,0.0,1.0,,22.0
Alphainfluenzavirus influenzae A/Turkey/Virginia/4529/2002(H7N2)-PR8-IBCDC-5,1,2,5,29,0.0,1.0,,,,,
Alphainfluenzavirus influenzae A/Vietnam/1194/2004(H5N1)-PR8 NIBRG-14,1,2,5,29,0.0,1.0,1.0,0.0,1.0,,22.0
Alphainfluenzavirus influenzae A/Vietnam/1203/2004(H5N1)-PR8 SJRG-161052,1,2,5,29,0.0,1.0,1.0,0.0,1.0,,22.0
Alphainfluenzavirus influenzae A/gyrfalcon/Washington/41088-6/2014(H5N8)-PR8 IDCDC-RG43A,1,2,5,29,0.0,1.0,,,,,
Alphainfluenzavirus influenzae A/pheasant/New Jersey/1355/1998(H5N2)/PR8-IBCDC-4,1,2,5,29,0.0,1.0,,,,,
Alphainfluenzavirus influenzae H10N8,2,3,5,29,0.0,1.0,,,,,
Alphainfluenzavirus influenzae H11N2,1,2,5,29,0.0,1.0,,,,,
Alphainfluenzavirus influenzae H11N6,1,2,5,29,0.0,1.0,,,,,
Alphainfluenzavirus influenzae H12N5,1,2,5,29,0.0,1.0,,,,,
Alphainfluenzavirus influenzae H13N6,1,2,5,29,0.0,1.0,,,,,
Alphainfluenzavirus influenzae H14N5,1,2,5,29,0.0,1.0,,,,,
Alphainfluenzavirus influenzae H15N9,1,2,5,29,0.0,1.0,,,,,
Alphainfluenzavirus influenzae H1N1 reconstructed 1918 strain,3,4,5,29,0.0,1.0,1.0,0.0,1.0,,22.0
Alphainfluenzavirus influenzae H1N9,1,2,5,29,0.0,1.0,,,,,
Alphainfluenzavirus influenzae H2N2,2,3,5,29,0.0,1.0,,,,,
Alphainfluenzavirus influenzae H2N3,2,3,5,29,0.0,1.0,,,,,
Alphainfluenzavirus influenzae H2N5,2,3,5,29,0.0,1.0,,,,,
Alphainfluenzavirus influenzae H3N2,1,2,5,29,0.0,1.0,,,,,
Alphainfluenzavirus influenzae H3N6,1,2,5,29,0.0,1.0,,,,,
Alphainfluenzavirus influenzae H3N8 (avian and zoonotic),2,3,5,29,0.0,1.0,,,,,
Alphainfluenzavirus influenzae H3N8 (canine),1,2,5,29,0.0,1.0,,,,,
Alphainfluenzavirus influenzae H3N8 (equine),1,2,5,29,0.0,1.0,,,,,
Alphainfluenzavirus influenzae H3N9,1,2,5,29,0.0,1.0,,,,,
Alphainfluenzavirus influenzae H4N3,1,2,5,29,0.0,1.0,,,,,
Alphainfluenzavirus influenzae H4N6,1,2,5,29,0.0,1.0,,,,,
Alphainfluenzavirus influenzae H5N1,2,3,5,29,0.0,1.0,1.0,0.0,1.0,,22.0
Alphainfluenzavirus influenzae H5N1 transmissible engineered strain,3,4,5,29,0.0,1.0,1.0,0.0,1.0,,22.0
Alphainfluenzavirus influenzae H5N2,2,3,5,29,0.0,1.0,,,,,
Alphainfluenzavirus influenzae H5N3,2,3,5,29,0.0,1.0,,,,,
Alphainfluenzavirus influenzae H5N5,2,3,5,29,0.0,1.0,,,,,
Alphainfluenzavirus influenzae H5N6,2,3,5,29,0.0,1.0,,,,,
Alphainfluenzavirus influenzae H5N9,2,3,5,29,0.0,1.0,,,,,
Alphainfluenzavirus influenzae H6N1,1,2,5,29,0.0,1.0,,,,,
Alphainfluenzavirus influenzae H6N4,1,2,5,29,0.0,1.0,,,,,
Alphainfluenzavirus influenzae H6N5,1,2,5,29,0.0,1.0,,,,,
Alphainfluenzavirus influenzae H7N3,1,2,5,29,0.0,1.0,,,,,
Alphainfluenzavirus influenzae H7N7,1,2,5,29,0.0,1.0,,,,,
Alphainfluenzavirus influenzae H7N8,2,3,5,29,0.0,1.0,,,,,
Alphainfluenzavirus influenzae H7N9,2,3,5,29,0.0,1.0,,,,,
Alphainfluenzavirus influenzae H8N4,1,2,5,29,0.0,1.0,,,,,
Alphainfluenzavirus influenzae H9N2,1,2,5,29,0.0,1.0,,,,,
Alphainfluenzavirus influenzae cH6/1N5,1,2,5,29,0.0,1.0,,,,,
Alphanodavirus nodamuraense,1,2,4,27,0.0,0.0,,,,,
Alphapapillomavirus 1-14,1,2,0,30,1.0,0.0,0.0,0.0,0.0,,1.0
Alphapolyomavirus nonihominis,1,2,0,38,1.0,0.0,,,,,
Alphapolyomavirus octihominis,1,2,0,38,1.0,0.0,,,,,
Alphapolyomavirus quintihominis,1,2,0,38,1.0,0.0,,,,,
Alpharetrovirus avileu,0,1,2,40,0.0,1.0,,,,,
Alpharetrovirus avimyebla,0,1,2,40,0.0,1.0,,,,,
Alpharetrovirus avimyecyt29,0,1,2,40,0.0,1.0,,,,,
Alpharetrovirus avirousar,1,2,2,40,0.0,1.0,,,,,
Alpharetrovirus avisar10,1,2,2,40,0.0,1.0,,,,,
Alphavirus aura,2,3,4,45,0.0,1.0,0.0,0.0,1.0,,2.0
Alphavirus barmah,1,2,4,45,0.0,1.0,,,,,
Alphavirus bebaru,1,2,4,45,0.0,1.0,0.0,0.0,0.0,,1.0
Alphavirus cabassou,2,3,4,45,0.0,1.0,0.0,0.0,0.0,,1.0
Alphavirus chikungunya,2,3,4,45,0.0,1.0,0.0,0.0,1.0,,16.0
Alphavirus chikungunya 181/clone 25,1,2,4,45,0.0,1.0,0.0,0.0,1.0,,16.0
Alphavirus eastern,2,3,4,45,0.0,1.0,,,,,
Alphavirus everglades,2,3,4,45,0.0,1.0,0.0,0.0,1.0,,4.0
Alphavirus fortmorgan,1,2,4,45,0.0,1.0,,,,,
Alphavirus getah,1,2,4,45,0.0,1.0,0.0,0.0,1.0,,3.0
Alphavirus highlandsj,1,2,4,45,0.0,1.0,,,,,
Alphavirus mayaro,1,2,4,45,0.0,1.0,0.0,0.0,1.0,,18.0
Alphavirus mucambo,2,3,4,45,0.0,1.0,0.0,0.0,0.0,,4.0
Alphavirus ndumu,2,3,4,45,0.0,1.0,0.0,0.0,1.0,,2.0
Alphavirus onyong,1,2,4,45,0.0,1.0,,,,,
Alphavirus pixuna,2,3,4,45,0.0,1.0,0.0,0.0,1.0,,3.0
Alphavirus rossriver,1,2,4,45,0.0,1.0,,,,,
Alphavirus salmon,0,1,4,45,0.0,1.0,,,,,
Alphavirus semliki,1,2,4,45,0.0,1.0,,,,,
Alphavirus sindbis,1,2,4,45,0.0,1.0,0.0,0.0,1.0,,10.0
Alphavirus una,1,2,4,45,0.0,1.0,0.0,0.0,1.0,,3.0
Alphavirus venezuelan,2,3,4,45,0.0,1.0,,,,,
Alphavirus venezuelan TC-83,1,2,4,45,0.0,1.0,,,,,
Alphavirus western,2,3,4,45,0.0,1.0,,,,,
Alphavirus whataroa,1,2,4,45,0.0,1.0,,,,,
Amdoparvovirus carnivoran1,0,1,3,32,1.0,0.0,,,,,
Aparavirus apisacutum,1,2,4,15,0.0,,,,,,
Aparavirus tauraense,0,1,4,15,0.0,,,,,,
Aphthovirus bogeli,0,1,4,36,0.0,0.0,,,,,
Aphthovirus reedi,0,1,4,36,0.0,0.0,,,,,
Aquabirnavirus salmonidae,0,1,1,9,0.0,,,,,,
Aransas Bay virus,2,3,6,47,,1.0,0.0,0.0,0.0,,13.0
Aripo virus,1,2,6,47,,1.0,0.0,0.0,0.0,,2.0
Arurhavirus inhangapi,2,3,5,41,0.0,1.0,,,,,
Arurhavirus xiburema,2,3,5,41,0.0,1.0,,,,,
Asfivirus haemorrhagiae (African swine fever virus),0,1,0,6,1.0,1.0,0.0,0.0,0.0,,3.0
Ash River virus,2,3,6,47,,1.0,0.0,0.0,1.0,,6.0
Aurivirus haliotidmalaco1,0,1,0,24,1.0,1.0,,,,0.0,1.0
Ausdyk disease virus,1,2,6,47,,1.0,0.0,0.0,0.0,,11.0
Avastrovirus galli,1,2,4,7,0.0,0.0,,,,,
Avastrovirus intestini,1,2,4,7,0.0,0.0,,,,,
Avastrovirus meleagridis,1,2,4,7,0.0,0.0,,,,,
Aviadenovirus ventriculi,0,1,0,0,1.0,0.0,0.0,0.0,0.0,,1.0
Avian orthoavulavirus 1 Newcastle disease virus (NDV) strain TS09-C,1,2,6,47,,1.0,0.0,0.0,0.0,,1.0
Avibirnavirus gumboroense,0,1,1,9,0.0,,,,,,
Avipoxvirus canarypox,0,1,0,39,1.0,1.0,,,,,
Avipoxvirus canarypox Replication-defective ALVAC vectors,0,1,0,39,1.0,1.0,,,,,
Avipoxvirus fowlpox,0,1,0,39,1.0,1.0,,,,,
Avipoxvirus pigeonpox,0,1,0,39,1.0,1.0,,,,,
Avipoxvirus quailpox,0,1,0,39,1.0,1.0,,,,,
Avipoxvirus turkeypox,0,1,0,39,1.0,1.0,,,,,
Bacteriophages,0,1,6,47,,,,,,1.0,1.0
Baku virus,1,2,6,47,,1.0,1.0,0.0,0.0,,6.0
Bandavirus bhanjanagarense,2,3,2,35,0.0,1.0,,,,,
Bandavirus dabieense,2,3,2,35,0.0,1.0,,,,,
Bandavirus heartlandense,1,2,2,35,0.0,1.0,,,,,
Bandavirus razdanense,2,3,2,35,0.0,1.0,,,,,
Bangui virus,1,2,6,47,,1.0,1.0,0.0,0.0,,1.0
Barthadenovirus galloanserae,0,1,0,0,1.0,0.0,,,,,
Barthadenovirus ovis,1,2,0,0,1.0,0.0,0.0,0.0,0.0,,1.0
Batravirus ranidallo1,0,1,0,1,1.0,1.0,,,,,
Bauline virus,1,2,6,47,,1.0,1.0,0.0,0.0,,1.0
Betaarterivirus americense,0,1,4,5,0.0,1.0,,,,,
Betaarterivirus europensis,0,1,4,5,0.0,1.0,,,,,
Betabaculovirus adoranae,0,1,0,8,1.0,,,,,,
Betabaculovirus agsegetum,0,1,0,8,1.0,,,,,,
Betabaculovirus alterclanastomosis,0,1,0,8,1.0,,,,,,
Betabaculovirus arrapae,0,1,0,8,1.0,,,,,0.0,1.0
Betabaculovirus chofumiferanae,0,1,0,8,1.0,,,,,,
Betabaculovirus clanachoretae,0,1,0,8,1.0,,,,,,
Betabaculovirus clanastomosis,0,1,0,8,1.0,,,,,,
Betabaculovirus cryleucotretae,0,1,0,8,1.0,,,,,,
Betabaculovirus cypomonellae,0,1,0,8,1.0,,,,,,
Betabaculovirus disaccharalis,0,1,0,8,1.0,,,,,,
Betabaculovirus epaporemae,0,1,0,8,1.0,,,,,,
Betabaculovirus erellonis,0,1,0,8,1.0,,,,,,
Betabaculovirus habrilliantis,0,1,0,8,1.0,,,,,,
Betabaculovirus helarmigerae,0,1,0,8,1.0,,,,,,
Betabaculovirus lacoleraceae,0,1,0,8,1.0,,,,,,
Betabaculovirus myunipunctae,0,1,0,8,1.0,,,,,,
Betabaculovirus phoperculellae,0,1,0,8,1.0,,,,,,
Betabaculovirus plinterpunctellae,0,1,0,8,1.0,,,,,,
Betabaculovirus pluxylostellae,0,1,0,8,1.0,,,,,,
Betabaculovirus spliturae,0,1,0,8,1.0,,,,,,
Betabaculovirus spofrugiperdae,0,1,0,8,1.0,,,,,,
Betabaculovirus trini,0,1,0,8,1.0,,,,,,
Betabaculovirus xecnigri,0,1,0,8,1.0,,,,,,
Betacoronavirus cameli,2,3,4,13,0.0,1.0,0.0,0.0,0.0,,1.0
Betacoronavirus gravedinis (excluding human coronavirus OC43),0,1,4,13,0.0,1.0,0.0,0.0,0.0,,1.0
Betacoronavirus gravedinis (human coronavirus OC43),1,2,4,13,0.0,1.0,0.0,0.0,0.0,,1.0
Betacoronavirus muris,1,2,4,13,0.0,1.0,0.0,0.0,0.0,,1.0
Betainfluenzavirus influenzae,1,2,5,29,0.0,1.0,,,,,
Betapolyomavirus hominis,1,2,0,38,1.0,0.0,0.0,0.0,0.0,1.0,1.0
Betapolyomavirus macacae,1,2,0,38,1.0,0.0,0.0,0.0,0.0,0.0,1.0
Betapolyomavirus quartihominis,1,2,0,38,1.0,0.0,,,,,
Betapolyomavirus secuhominis,1,2,0,38,1.0,0.0,,,,,
Betapolyomavirus tertihominis,1,2,0,38,1.0,0.0,,,,1.0,1.0
Betaretrovirus maspfimon,0,1,2,40,0.0,1.0,,,,,
Betaretrovirus murmamtum,0,1,2,40,0.0,1.0,,,,,
Bocaparvovirus primate1,1,2,3,32,1.0,0.0,0.0,0.0,0.0,1.0,1.0
Bocaparvovirus primate2,1,2,3,32,1.0,0.0,,,,,
Bocaparvovirus ungulate1,0,1,3,32,1.0,0.0,0.0,0.0,0.0,,1.0
Bourbon virus,2,3,6,47,,1.0,0.0,0.0,1.0,0.0,1.0
Bovine viral diarrhea virus,0,1,6,47,,1.0,0.0,0.0,0.0,0.0,1.0
Calbertado virus,0,1,6,47,,1.0,0.0,0.0,0.0,,1.0
Calchaqui virus,2,3,6,47,,1.0,0.0,0.0,0.0,,1.0
Capripoxvirus goatpox,0,1,0,39,1.0,1.0,0.0,0.0,0.0,,1.0
Capripoxvirus lumpyskinpox,0,1,0,39,1.0,1.0,,,,,
Capripoxvirus sheeppox,0,1,0,39,1.0,1.0,0.0,0.0,0.0,,2.0
Cardiovirus rueckerti,0,1,4,36,0.0,0.0,,,,,
Cardiovirus theileri,0,1,4,36,0.0,0.0,,,,,
Cell fusing agent virus,0,1,6,47,,1.0,0.0,0.0,1.0,0.0,2.0
ChimeriVax-West Nile virus vaccine,0,1,6,47,,1.0,0.0,0.0,1.0,,25.0
Chloriridovirus simulium1,0,1,0,22,1.0,,,,,,
Circovirus porcine1,0,1,3,12,1.0,0.0,,,,,
Circovirus porcine2,0,1,3,12,1.0,0.0,,,,,
"Cold-adapted, temperature-sensitive and attenuated influenza A/Norway/31694/2022 (H1N1) virus",1,2,6,47,,1.0,1.0,0.0,1.0,,22.0
"Cold-adapted, temperature-sensitive, and attenuated influenza A/Thailand/8/2022 (H3N2)-like virus",1,2,6,47,,1.0,1.0,0.0,1.0,,22.0
Coltivirus dermacentoris,1,2,1,43,0.0,,,,,,
Coltivirus ixodis,1,2,1,43,0.0,,,,,,
Culex flavivirus,0,1,6,47,,,,,,0.0,1.0
Culex theileri flavivirus,0,1,6,47,,,,,,0.0,3.0
Curiovirus rochambeau,2,3,5,41,0.0,1.0,,,,,
Cytomegalovirus cercopithecinebeta5,1,2,0,28,1.0,,,,,,
Cytomegalovirus humanbeta5,1,2,0,28,1.0,,,,,,
Cyvirus cyprinidallo3,0,1,0,1,1.0,1.0,,,,,
Deltaarterivirus hemfev,1,2,4,5,0.0,1.0,,,,,
Deltabaculovirus cunigripalpi,0,1,0,8,1.0,,,,,,
Deltacoronavirus suis,1,2,4,13,0.0,1.0,0.0,0.0,0.0,,7.0
Deltapapillomavirus 3,0,1,0,30,1.0,0.0,0.0,0.0,0.0,,2.0
Deltapolyomavirus septihominis,1,2,0,38,1.0,0.0,,,,,
Deltapolyomavirus sextihominis,1,2,0,38,1.0,0.0,,,,,
Deltaretrovirus bovleu,0,1,2,40,0.0,1.0,,,,,
Dengue virus quadrivalent vaccine V181,0,1,6,47,,1.0,0.0,0.0,1.0,,25.0
Dependoparvovirus anseriform1,0,1,3,32,1.0,0.0,,,,,
Dependoparvovirus primate1,0,1,3,32,1.0,0.0,,,,,
Dependoparvovirus primate1 AAV9-GP-AAV-syn-jGCaMP8f-WPRE,0,1,3,32,1.0,0.0,,,,,
Dependoparvovirus primate1 AAV9-hDlx-GiDREADD-dTomato-Fishell-5,0,1,3,32,1.0,0.0,,,,,
Dependoparvovirus primate1 encoding Human Tau gene insert (Tau E14 P301),1,2,3,32,1.0,0.0,,,,,
Dependoparvovirus primate1 encoding antisense RNA to DMPK transgene,1,2,3,32,1.0,0.0,,,,,
Dianlovirus menglaense,3,4,5,16,0.0,1.0,,,,0.0,1.0
Ebolaviruses,3,4,6,47,,1.0,0.0,0.0,0.0,,1.0
Elephantpox virus,1,2,6,47,,1.0,0.0,0.0,0.0,,2.0
Enterovirus SV-16 ATCC VR-211,1,2,6,47,,1.0,0.0,0.0,1.0,,3.0
Enterovirus SV-18 ATCC VR-212,1,2,6,47,,1.0,0.0,0.0,1.0,,3.0
Enterovirus SV-2 ATCC VR-210,1,2,6,47,,1.0,0.0,0.0,1.0,,3.0
Enterovirus SV-26 ATCC VR-290,1,2,6,47,,1.0,0.0,0.0,1.0,,3.0
Enterovirus SV-28 ATCC VR-291,1,2,6,47,,1.0,0.0,0.0,1.0,,3.0
Enterovirus SV-35 ATCC VR-292,1,2,6,47,,1.0,0.0,0.0,1.0,,3.0
Enterovirus SV-4 ATCC VR-287,1,2,6,47,,1.0,0.0,0.0,1.0,,3.0
Enterovirus alphacoxsackie,1,2,4,36,0.0,0.0,0.0,0.0,1.0,,3.0
Enterovirus alphacoxsackie simian virus 19 (SV-19) ATCC VR-213,1,2,4,36,0.0,0.0,0.0,0.0,1.0,,3.0
Enterovirus alpharhino,1,2,4,36,0.0,0.0,0.0,0.0,1.0,,3.0
Enterovirus betacoxsackie,1,2,4,36,0.0,0.0,0.0,0.0,1.0,,3.0
Enterovirus betarhino,1,2,4,36,0.0,0.0,0.0,0.0,1.0,,3.0
Enterovirus cerhino,1,2,4,36,0.0,0.0,0.0,0.0,1.0,,3.0
Enterovirus coxsackiepol coxsackievirus A21,1,2,4,36,0.0,0.0,0.0,0.0,1.0,,3.0
Enterovirus coxsackiepol novel oral polio vaccine 1 (nOPV1),2,3,4,36,0.0,0.0,0.0,0.0,1.0,,3.0
Enterovirus coxsackiepol novel oral polio vaccine 2 (nOPV2),2,3,4,36,0.0,0.0,0.0,0.0,1.0,,3.0
Enterovirus coxsackiepol novel oral polio vaccine 3 (nOPV3),2,3,4,36,0.0,0.0,0.0,0.0,1.0,,3.0
Enterovirus coxsackiepol poliovirus 1,2,3,4,36,0.0,0.0,0.0,0.0,1.0,,3.0
Enterovirus coxsackiepol poliovirus 2,2,3,4,36,0.0,0.0,0.0,0.0,1.0,,3.0
Enterovirus coxsackiepol poliovirus 3,2,3,4,36,0.0,0.0,0.0,0.0,1.0,,3.0
Enterovirus coxsackiepol poliovirus Sabin oral vaccine 1 (OPV1),2,3,4,36,0.0,0.0,0.0,0.0,1.0,,3.0
Enterovirus coxsackiepol poliovirus Sabin oral vaccine 2 (OPV2),2,3,4,36,0.0,0.0,0.0,0.0,1.0,,3.0
Enterovirus coxsackiepol poliovirus Sabin oral vaccine 3 (OPV3),2,3,4,36,0.0,0.0,0.0,0.0,1.0,,3.0
Enterovirus coxsackiepol vaccine-derived poliovirus 1,2,3,4,36,0.0,0.0,0.0,0.0,1.0,,3.0
Enterovirus coxsackiepol vaccine-derived poliovirus 2,2,3,4,36,0.0,0.0,0.0,0.0,1.0,,3.0
Enterovirus coxsackiepol vaccine-derived poliovirus 3,2,3,4,36,0.0,0.0,0.0,0.0,1.0,,3.0
Enterovirus deconjuncti,1,2,4,36,0.0,0.0,0.0,0.0,1.0,,3.0
Enterovirus eibovi,0,1,4,36,0.0,0.0,0.0,0.0,1.0,,3.0
Env pseudotyped Human immunodeficiency virus,2,3,6,47,,1.0,0.0,0.0,0.0,,1.0
Ephemerovirus adelaide,1,2,5,41,0.0,1.0,,,,,
Ephemerovirus berrimah,2,3,5,41,0.0,1.0,0.0,0.0,0.0,,1.0
Ephemerovirus febris,0,1,5,41,0.0,1.0,,,,,
Ephemerovirus kimberley,2,3,5,41,0.0,1.0,,,,,
Ephemerovirus kotonkan,1,2,5,41,0.0,1.0,0.0,0.0,1.0,,4.0
Ephemerovirus puchong,1,2,5,41,0.0,1.0,,,,,
Ephemerovirus yata,1,2,5,41,0.0,1.0,,,,,
Eptesicus fuscus gammaherpesvirus,1,2,6,47,,,,,,0.0,1.0
Equine parapoxvirus,1,2,6,47,,1.0,0.0,0.0,0.0,,2.0
Erbovirus aequirhi,0,1,4,36,0.0,0.0,,,,,
Erythroparvovirus primate1,1,2,3,32,1.0,0.0,0.0,0.0,0.0,,1.0
Farmington virus,1,2,6,47,,1.0,1.0,0.0,0.0,0.0,3.0
Gammabaculovirus nelecontei,0,1,0,8,1.0,,,,,,
Gammabaculovirus nesertiferis,0,1,0,8,1.0,,,,,,
Gammacoronavirus galli,0,1,4,13,0.0,1.0,,,,,
Gammainfluenzavirus influenzae,1,2,5,29,0.0,1.0,0.0,,1.0,,3.0
Gammaretrovirus felleu,0,1,2,40,0.0,1.0,,,,,
Gammaretrovirus gibleu,0,1,2,40,0.0,1.0,,,,,
Gammaretrovirus momursar,0,1,2,40,0.0,1.0,,,,,
Gammaretrovirus murleu,0,1,2,40,0.0,1.0,,,,,
Gammaretrovirus murleu genetically modified Moloney strain SinVec-COL7A1,1,2,2,40,0.0,1.0,,,,,
Gammaretrovirus porConc,0,1,2,40,0.0,1.0,,,,,
Guaico Culex virus,1,2,6,47,,1.0,0.0,0.0,0.0,,1.0
Gyrovirus chickenanemia,0,1,2,3,0.0,0.0,,,,,
Hamster parvovirus H-1,0,1,6,47,,1.0,0.0,0.0,0.0,,1.0
Hapavirus bangoran,1,2,5,41,0.0,1.0,,,,,
Hapavirus graylodge,2,3,5,41,0.0,1.0,,,,,
Hapavirus joinjakaka,1,2,5,41,0.0,1.0,,,,,
Hapavirus kamese,1,2,5,41,0.0,1.0,,,,,
Hapavirus lajoya,1,2,5,41,0.0,1.0,,,,,
Hapavirus landjia,1,2,5,41,0.0,1.0,,,,,
Hapavirus manitoba,1,2,5,41,0.0,1.0,,,,,
Hapavirus marco,1,2,5,41,0.0,1.0,,,,,
Hapavirus mosqueiro,2,3,5,41,0.0,1.0,,,,,
Hapavirus mossuril,1,2,5,41,0.0,1.0,,,,,
Hapavirus ngaingan,1,2,5,41,0.0,1.0,,,,0.0,3.0
Henipavirus cedarense,1,2,5,31,0.0,1.0,,,,,
Henipavirus hendraense,3,4,5,31,0.0,1.0,,,,1.0,3.0
Henipavirus nipahense,3,4,5,31,0.0,1.0,,,,,
"Henipavirus nipahense virus-like particles composed of M, G, F proteins",0,1,5,31,0.0,1.0,,,,,
Hepacivirus hominis,1,2,4,19,0.0,,,,,1.0,1.0
Hepatitis delta virus,1,2,6,47,,1.0,0.0,0.0,1.0,,6.0
Hepatovirus ahepa,1,2,4,36,0.0,0.0,0.0,0.0,1.0,,6.0
Horsepox virus,1,2,6,47,,1.0,0.0,0.0,1.0,0.0,2.0
Human alphaherpesvirus 2 ACAM-529,0,1,6,47,,1.0,0.0,0.0,0.0,,1.0
Human coronavirus,2,3,6,47,,1.0,0.0,0.0,0.0,,1.0
Human immunodeficiency virus 1 and 2,2,3,6,47,,1.0,0.0,0.0,0.0,,1.0
Human immunodeficiency virus 1 from 8E5 cells,1,2,6,47,,1.0,0.0,0.0,0.0,,1.0
Human torovirus,1,2,4,44,0.0,1.0,0.0,0.0,0.0,,1.0
Ictavirus ictaluridallo1,0,1,0,1,1.0,1.0,,,,,
Iltovirus gallidalpha1,0,1,0,28,1.0,,,,,,
Influenza A-like virus H17N10,1,2,6,47,,1.0,1.0,0.0,1.0,,22.0
Influenza A-like virus H18N11,1,2,6,47,,1.0,1.0,0.0,1.0,,22.0
Isavirus salaris,0,1,5,29,0.0,1.0,,,,0.0,6.0
Isla Vista virus,2,3,6,47,,1.0,1.0,0.0,0.0,,2.0
Jingmen tick virus,1,2,6,47,,1.0,1.0,0.0,1.0,,2.0
Juncopox virus,0,1,6,47,,1.0,0.0,0.0,1.0,,16.0
Juquitiba virus,2,3,6,47,,1.0,0.0,0.0,0.0,,1.0
Kamiti River virus,0,1,6,47,,1.0,1.0,0.0,1.0,0.0,1.0
Kannamangalam virus,1,2,6,47,,1.0,1.0,0.0,1.0,,6.0
Kappapapillomavirus 2,0,1,0,30,1.0,0.0,0.0,0.0,0.0,,1.0
La Tina virus,1,2,6,47,,1.0,1.0,0.0,0.0,,2.0
Lagovirus europaeus (Rabbit hemorrhagic disease virus),0,1,4,11,0.0,0.0,0.0,0.0,0.0,,3.0
Ledantevirus barur,1,2,5,41,0.0,1.0,0.0,0.0,0.0,,1.0
Ledantevirus elgon,1,2,5,41,0.0,1.0,,,,,
Ledantevirus kern,1,2,5,41,0.0,1.0,,,,,
Ledantevirus keuraliba,1,2,5,41,0.0,1.0,0.0,0.0,0.0,,1.0
Ledantevirus ledantec,1,2,5,41,0.0,1.0,,,,,
Ledantevirus nkolbisson,1,2,5,41,0.0,1.0,,,,,
Lentivirus bovimdef,0,1,2,40,0.0,1.0,,,,,
Lentivirus capartenc,0,1,2,40,0.0,1.0,,,,,
Lentivirus equinfane,0,1,2,40,0.0,1.0,,,,,
Lentivirus felimdef,0,1,2,40,0.0,1.0,,,,,
Lentivirus simimdef,1,2,2,40,0.0,1.0,,,,,
Leporipoxvirus myxoma,0,1,0,39,1.0,1.0,0.0,0.0,0.0,,3.0
Leporipoxvirus shope,0,1,0,39,1.0,1.0,,,,,
Leporipoxvirus squirrelfibroma,0,1,0,39,1.0,1.0,,,,,
Long Pine Key virus,1,2,6,47,,1.0,0.0,0.0,0.0,,2.0
Lymphocryptovirus humangamma4,1,2,0,28,1.0,,,,,,
Lymphocystivirus platichthys1,0,1,0,22,1.0,,,,,,
Lyssavirus australis,2,3,5,41,0.0,1.0,,,,,
Lyssavirus bokeloh,2,3,5,41,0.0,1.0,,,,0.0,1.0
Lyssavirus duvenhage,2,3,5,41,0.0,1.0,0.0,,1.0,1.0,2.0
Lyssavirus hamburg,2,3,5,41,0.0,1.0,,,,,
Lyssavirus helsinki,2,3,5,41,0.0,1.0,,,,,
Lyssavirus ikoma,2,3,5,41,0.0,1.0,1.0,0.0,1.0,,10.0
Lyssavirus lagos,2,3,5,41,0.0,1.0,1.0,0.0,1.0,0.0,2.0
Lyssavirus mokola,2,3,5,41,0.0,1.0,0.0,0.0,1.0,1.0,5.0
Lyssavirus rabies,2,3,5,41,0.0,1.0,0.0,0.0,1.0,,140.0
Lyssavirus rabies CTN-1,2,3,5,41,0.0,1.0,0.0,0.0,1.0,,140.0
Lyssavirus rabies CVS-11,2,3,5,41,0.0,1.0,0.0,0.0,1.0,,140.0
Lyssavirus rabies CVS-N2cdeltaG,1,2,5,41,0.0,1.0,0.0,0.0,1.0,,140.0
Lyssavirus rabies Flury low-egg-passage (LEP) strain,1,2,5,41,0.0,1.0,0.0,0.0,1.0,,140.0
Lyssavirus rabies Pitman-Moore strain,1,2,5,41,0.0,1.0,0.0,0.0,1.0,,140.0
Lyssavirus rabies Street Alabama Dufferin (SAD) strain,2,3,5,41,0.0,1.0,0.0,0.0,1.0,,140.0
Macavirus alcelaphinegamma1,0,1,0,28,1.0,,,,,,
Macavirus alcelaphinegamma2,0,1,0,28,1.0,,,,,,
Macavirus ovinegamma2,0,1,0,28,1.0,,,,,,
Macrobrachium rosenbergii nodavirus,0,1,6,47,,,,,,0.0,1.0
Magpiepox virus,0,1,6,47,,1.0,0.0,0.0,1.0,,2.0
Mamastrovirus hominis,1,2,4,7,0.0,0.0,,,,,
Mammarenavirus allpahuayoense,2,3,2,4,0.0,1.0,,,,0.0,2.0
Mammarenavirus amapariense,1,2,2,4,0.0,1.0,,,,,
Mammarenavirus bearense,2,3,2,4,0.0,1.0,,,,0.0,1.0
Mammarenavirus brazilense,3,4,2,4,0.0,1.0,,,,,
Mammarenavirus caliense,1,2,2,4,0.0,1.0,,,,,
Mammarenavirus chapareense,3,4,2,4,0.0,1.0,,,,1.0,1.0
Mammarenavirus choriomeningitidis,2,3,2,4,0.0,1.0,,,,0.0,3.0
Mammarenavirus choriomeningitidis Armstrong strain,1,2,2,4,0.0,1.0,,,,,
Mammarenavirus choriomeningitidis Clone 13,1,2,2,4,0.0,1.0,,,,,
Mammarenavirus flexalense,2,3,2,4,0.0,1.0,,,,0.0,1.0
Mammarenavirus guanaritoense,3,4,2,4,0.0,1.0,,,,1.0,2.0
Mammarenavirus ippyense,1,2,2,4,0.0,1.0,,,,0.0,1.0
Mammarenavirus juninense,3,4,2,4,0.0,1.0,,,,1.0,5.0
Mammarenavirus lassaense,3,4,2,4,0.0,1.0,,,,1.0,3.0
Mammarenavirus latinum,1,2,2,4,0.0,1.0,,,,0.0,1.0
Mammarenavirus lujoense,3,4,2,4,0.0,1.0,,,,1.0,1.0
Mammarenavirus machupoense,3,4,2,4,0.0,1.0,,,,1.0,3.0
Mammarenavirus oliverosense,2,3,2,4,0.0,1.0,,,,0.0,1.0
Mammarenavirus paranaense,1,2,2,4,0.0,1.0,,,,,
Mammarenavirus piritalense,2,3,2,4,0.0,1.0,,,,0.0,1.0
Mammarenavirus praomyidis,2,3,2,4,0.0,1.0,,,,0.0,1.0
Mammarenavirus tacaribeense,1,2,2,4,0.0,1.0,,,,0.0,1.0
Mammarenavirus tamiamiense,1,2,2,4,0.0,1.0,,,,0.0,1.0
Mammarenavirus whitewaterense,2,3,2,4,0.0,1.0,,,,0.0,2.0
Mardivirus gallidalpha2,0,1,0,28,1.0,,,,,,
Mastadenovirus adami,1,2,0,0,1.0,0.0,0.0,0.0,1.0,,2.0
Mastadenovirus adami Adenovirus 12-SV40 hybrid virus,1,2,0,0,1.0,0.0,0.0,0.0,1.0,,2.0
Mastadenovirus blackbeardi,1,2,0,0,1.0,0.0,,,,,
Mastadenovirus blackbeardi THEO-260,1,2,0,0,1.0,0.0,,,,,
Mastadenovirus bosprimum,1,2,0,0,1.0,0.0,0.0,0.0,1.0,,5.0
Mastadenovirus bostertium,1,2,0,0,1.0,0.0,0.0,0.0,1.0,,5.0
Mastadenovirus caesari,1,2,0,0,1.0,0.0,0.0,0.0,1.0,,2.0
Mastadenovirus caesari Replication-competent human adenovirus type 5 expressing rabies glycoprotein and chronic wasting disease agent epitope,1,2,0,0,1.0,0.0,0.0,0.0,1.0,,2.0
Mastadenovirus caesari Replication-incompetent human adenovirus type 5 expressing rabies glycoprotein and chronic wasting disease agent epitope,1,2,0,0,1.0,0.0,0.0,0.0,1.0,,2.0
Mastadenovirus caesari recombinant replication-incompetent adenovirus 5 encoding tick antigens rAd5-Tick,0,1,0,0,1.0,0.0,0.0,0.0,1.0,,2.0
Mastadenovirus caesari replication-incompetent human adenovirus 5 encoding Flp recombinase,0,1,0,0,1.0,0.0,0.0,0.0,1.0,,2.0
Mastadenovirus canidae,1,2,0,0,1.0,0.0,0.0,0.0,1.0,,2.0
Mastadenovirus dominans,1,2,0,0,1.0,0.0,0.0,0.0,1.0,,2.0
Mastadenovirus encephalomyelitidis,1,2,0,0,1.0,0.0,,,,,
Mastadenovirus equi,0,1,0,0,1.0,0.0,0.0,0.0,1.0,,3.0
Mastadenovirus equidae,0,1,0,0,1.0,0.0,0.0,0.0,1.0,,2.0
Mastadenovirus exoticum,1,2,0,0,1.0,0.0,0.0,0.0,1.0,,5.0
Mastadenovirus faecale,1,2,0,0,1.0,0.0,0.0,0.0,1.0,,2.0
Mastadenovirus simiae,1,2,0,0,1.0,0.0,0.0,0.0,1.0,,2.0
Megalocytivirus pagrus1 (Red sea bream iridovirus),0,1,0,22,1.0,,,,,,
Mercadeo virus,0,1,6,47,,1.0,0.0,,0.0,0.0,1.0
Metaavulavirus delawarense,0,1,5,31,0.0,1.0,,,,,
Metaavulavirus falklandense,1,2,5,31,0.0,1.0,,,,,
Metaavulavirus galliense,1,2,5,31,0.0,1.0,,,,,
Metaavulavirus hongkongense,0,1,5,31,0.0,1.0,,,,,
Metaavulavirus kunitachiense,0,1,5,31,0.0,1.0,,,,,
Metaavulavirus tennessense,0,1,5,31,0.0,1.0,,,,,
Metaavulavirus yucaipaense,0,1,5,31,0.0,1.0,,,,0.0,1.0
Metapneumovirus avis,0,1,5,37,0.0,1.0,0.0,0.0,1.0,,3.0
Metapneumovirus hominis,1,2,5,37,0.0,1.0,0.0,0.0,1.0,,3.0
Mitchell River virus,1,2,6,47,,1.0,0.0,0.0,0.0,,1.0
Mobatvirus novaense,2,3,5,18,0.0,1.0,,,,,
Modified Vaccinia Ankara virus clone 33 (MVA-N33) MVA-HPV-IL2,1,2,6,47,,1.0,0.0,0.0,1.0,,10.0
Modified Vaccinia virus Ankara (MVA),1,2,6,47,,1.0,0.0,0.0,1.0,,10.0
Molluscipoxvirus molluscum,1,2,0,39,1.0,1.0,,,,,
Mopeia mammarenavirus,2,3,6,47,,1.0,1.0,,0.0,0.0,1.0
Morbillivirus canis,0,1,5,31,0.0,1.0,0.0,0.0,0.0,0.0,7.0
Morbillivirus caprinae,0,1,5,31,0.0,1.0,,,,,
Morbillivirus hominis,1,2,5,31,0.0,1.0,0.0,0.0,0.0,,5.0
Morbillivirus pecoris,0,1,5,31,0.0,1.0,0.0,0.0,0.0,,5.0
Morbillivirus phocae,0,1,5,31,0.0,1.0,,,,,
Murine leukemia virus (B10 xenotropic virus 1),0,1,6,47,,1.0,0.0,0.0,0.0,,3.0
Murine rotavirus,0,1,1,42,0.0,1.0,1.0,0.0,1.0,,6.0
Muromegalovirus muridbeta1,0,1,0,28,1.0,,,,,,
Muromegalovirus muridbeta2,0,1,0,28,1.0,,,,,,
Nairobi sheep disease virus,0,1,6,47,,1.0,0.0,0.0,0.0,1.0,6.0
Nanay virus,1,2,6,47,,1.0,0.0,0.0,0.0,0.0,2.0
Negevirus,0,1,6,47,,1.0,1.0,0.0,1.0,,27.0
Nhumirim virus,1,2,6,47,,1.0,1.0,0.0,1.0,0.0,1.0
Norovirus norwalkense (except murine norovirus 1),1,2,4,11,0.0,0.0,0.0,0.0,0.0,,1.0
Norovirus norwalkense (murine norovirus 1),0,1,4,11,0.0,0.0,0.0,0.0,0.0,,1.0
Novirhabdovirus piscine,0,1,5,41,0.0,1.0,,,,,
Novirhabdovirus salmonid,0,1,5,41,0.0,1.0,,,,,
Okhotskiy virus,1,2,6,47,,1.0,0.0,0.0,0.0,,2.0
Orbivirus alphaequi,0,1,1,42,0.0,,,,,,
"Orbivirus alphaequi experimentally neuroadapted strains, serotypes 1 and 6",1,2,1,42,0.0,,,,,,
Orbivirus alphamitchellense,1,2,1,42,0.0,,,,,,
Orbivirus betamitchellense,1,2,1,42,0.0,,,,,,
Orbivirus caerulinguae,0,1,1,42,0.0,,,,,,
Orbivirus chenudaense,1,2,1,42,0.0,,,,,,
Orbivirus deltamitchellense,1,2,1,42,0.0,,,,,,
Orbivirus eubenangeense,1,2,1,42,0.0,,,,,,
Orbivirus gammamitchellense,1,2,1,42,0.0,,,,,,
Orbivirus lebomboense,1,2,1,42,0.0,,,,,,
Orbivirus magninsulae,1,2,1,42,0.0,,,,,,
Orbivirus orungoense,2,3,1,42,0.0,,,,,,
Orbivirus palyamense,1,2,1,42,0.0,,,,,,
Orbivirus ruminantium,0,1,1,42,0.0,,,,,,
Orbivirus trinidadense,1,2,1,42,0.0,,,,,,
Orbivirus umatillaense,1,2,1,42,0.0,,,,,,
Orbivirus wadmedaniense,1,2,1,42,0.0,,,,,,
Orthoavulavirus italiense,1,2,5,31,0.0,1.0,,,,,
Orthoavulavirus javaense,1,2,5,31,0.0,1.0,,,,,
Orthoavulavirus javaense Newcastle disease virus Lentogenic strain La Sota,1,2,5,31,0.0,1.0,0.0,0.0,0.0,,1.0
"Orthoavulavirus javaense Newcastle disease virus Lentogenic strains: Hitchner B1, N79, V4",1,2,5,31,0.0,1.0,0.0,0.0,0.0,,1.0
"Orthoavulavirus javaense Newcastle disease virus Mesogenic strains: NJ-Roakin, Mukteswar, Komorov, Roakin",1,2,5,31,0.0,1.0,0.0,0.0,0.0,,1.0
Orthoavulavirus newyorkense,0,1,5,31,0.0,1.0,,,,,
Orthobornavirus bornaense,1,2,5,10,0.0,,,,,0.0,2.0
Orthobunyavirus acaraense,1,2,5,33,0.0,1.0,,,,,
Orthobunyavirus achiotei,1,2,5,33,0.0,1.0,,,,,
Orthobunyavirus ainoense,0,1,5,33,0.0,1.0,,,,,
Orthobunyavirus akabaneense,2,3,5,33,0.0,1.0,,,,,
Orthobunyavirus angeloense,1,2,5,33,0.0,1.0,,,,,
Orthobunyavirus bakauense,1,2,5,33,0.0,1.0,,,,,
Orthobunyavirus batamaense,2,3,5,33,0.0,1.0,,,,,
Orthobunyavirus botambiense,1,2,5,33,0.0,1.0,,,,,
Orthobunyavirus bunyamweraense,1,2,5,33,0.0,1.0,,,,,
Orthobunyavirus bushbushense,1,2,5,33,0.0,1.0,,,,,
Orthobunyavirus bwambaense,1,2,5,33,0.0,1.0,,,,1.0,2.0
Orthobunyavirus cacheense,1,2,5,33,0.0,1.0,,,,,
Orthobunyavirus capimense,1,2,5,33,0.0,1.0,,,,,
Orthobunyavirus caraparuense,1,2,5,33,0.0,1.0,,,,,
Orthobunyavirus catuense (Catu virus),1,2,5,33,0.0,1.0,1.0,0.0,1.0,,12.0
Orthobunyavirus catuense (Moju virus),1,2,5,33,0.0,1.0,,,,,
Orthobunyavirus cuchillaense,1,2,5,33,0.0,1.0,,,,,
Orthobunyavirus encephalitidis,1,2,5,33,0.0,1.0,,,,,
Orthobunyavirus enseadaense,2,3,5,33,0.0,1.0,,,,,
Orthobunyavirus gamboaense,1,2,5,33,0.0,1.0,,,,,
Orthobunyavirus guajaraense,1,2,5,33,0.0,1.0,,,,0.0,1.0
Orthobunyavirus guamaense,1,2,5,33,0.0,1.0,,,,,
Orthobunyavirus guaroaense,1,2,5,33,0.0,1.0,,,,,
Orthobunyavirus horizonteense,1,2,5,33,0.0,1.0,,,,,
Orthobunyavirus insulae,2,3,5,33,0.0,1.0,,,,,
Orthobunyavirus jamestownense,1,2,5,33,0.0,1.0,,,,,
Orthobunyavirus kaengkhoiense,1,2,5,33,0.0,1.0,,,,,
Orthobunyavirus kernense,1,2,5,33,0.0,1.0,,,,,
Orthobunyavirus keystoneense,1,2,5,33,0.0,1.0,,,,,
Orthobunyavirus khatangaense,1,2,5,33,0.0,1.0,,,,,
Orthobunyavirus koongoli,1,2,5,33,0.0,1.0,,,,,
Orthobunyavirus lacrosseense,1,2,5,33,0.0,1.0,,,,,
Orthobunyavirus lumboense,1,2,5,33,0.0,1.0,,,,,
Orthobunyavirus madridense,1,2,5,33,0.0,1.0,,,,,
Orthobunyavirus maritubaense,1,2,5,33,0.0,1.0,,,,,
Orthobunyavirus melajoense,1,2,5,33,0.0,1.0,,,,,
Orthobunyavirus mitchellense,1,2,5,33,0.0,1.0,,,,,
Orthobunyavirus mpokoense,1,2,5,33,0.0,1.0,,,,,
Orthobunyavirus nyandoense,1,2,5,33,0.0,1.0,,,,,
Orthobunyavirus oribocaense,1,2,5,33,0.0,1.0,,,,,
Orthobunyavirus oropoucheense,2,3,5,33,0.0,1.0,,,,,
Orthobunyavirus patoisense,1,2,5,33,0.0,1.0,,,,,
Orthobunyavirus sedlecense,1,2,5,33,0.0,1.0,,,,,
Orthobunyavirus shuniense,1,2,5,33,0.0,1.0,,,,0.0,1.0
Orthobunyavirus simbuense,1,2,5,33,0.0,1.0,,,,0.0,1.0
Orthobunyavirus squalofluvii,1,2,5,33,0.0,1.0,,,,,
Orthobunyavirus tacaiumaense,1,2,5,33,0.0,1.0,,,,0.0,1.0
Orthobunyavirus tahynaense,1,2,5,33,0.0,1.0,,,,,
Orthobunyavirus teteense,1,2,5,33,0.0,1.0,,,,0.0,1.0
Orthobunyavirus thimiriense,1,2,5,33,0.0,1.0,,,,,
Orthobunyavirus timboteuaense,1,2,5,33,0.0,1.0,,,,,
Orthobunyavirus turlockense,1,2,5,33,0.0,1.0,,,,,
Orthobunyavirus wyeomyiae,1,2,5,33,0.0,1.0,,,,0.0,1.0
Orthoflavivirus apoiense,1,2,4,17,0.0,1.0,,,,,
Orthoflavivirus bagazaense,1,2,4,17,0.0,1.0,,,,,
Orthoflavivirus banziense,1,2,4,17,0.0,1.0,,,,,
Orthoflavivirus boubouiense,1,2,4,17,0.0,1.0,,,,,
Orthoflavivirus bravoense,1,2,4,17,0.0,1.0,,,,,
Orthoflavivirus cacipacoreense,2,3,4,17,0.0,1.0,,,,,
Orthoflavivirus careyense,1,2,4,17,0.0,1.0,,,,,
Orthoflavivirus cowboneense,1,2,4,17,0.0,1.0,,,,,
Orthoflavivirus dakarense,1,2,4,17,0.0,1.0,,,,,
Orthoflavivirus denguei,1,2,4,17,0.0,1.0,,,,,
Orthoflavivirus edgehillense,1,2,4,17,0.0,1.0,,,,,
Orthoflavivirus encephalitidis,3,4,5,33,0.0,1.0,,,,,
Orthoflavivirus entebbeense,2,3,4,17,0.0,1.0,,,,,
Orthoflavivirus flavi,2,3,4,17,0.0,1.0,,,,,
Orthoflavivirus flavi (Yellow fever virus vaccine strain 17D),1,2,4,17,0.0,1.0,0.0,0.0,1.0,,24.0
Orthoflavivirus gadgetsense,2,3,4,17,0.0,1.0,,,,,
Orthoflavivirus ilheusense (Ilheus virus),1,2,4,17,0.0,1.0,0.0,0.0,1.0,,16.0
Orthoflavivirus ilheusense (Rocio virus),2,3,4,17,0.0,1.0,,,,,
Orthoflavivirus israelense,2,3,4,17,0.0,1.0,,,,,
Orthoflavivirus japonicum,2,3,4,17,0.0,1.0,,,,,
Orthoflavivirus jugraense,1,2,4,17,0.0,1.0,,,,,
Orthoflavivirus jutiapaense,1,2,4,17,0.0,1.0,,,,,
Orthoflavivirus kadamense,1,2,4,17,0.0,1.0,,,,,
Orthoflavivirus kedougouense,2,3,4,17,0.0,1.0,,,,,
Orthoflavivirus kokoberaorum,1,2,4,17,0.0,1.0,,,,,
Orthoflavivirus koutangoense,2,3,4,17,0.0,1.0,,,,,
Orthoflavivirus kyasanurense (Alkhumra hemorrhagic fever virus),3,4,4,17,0.0,1.0,0.0,0.0,1.0,,5.0
Orthoflavivirus kyasanurense (Kyasanur Forest disease virus),3,4,4,17,0.0,1.0,0.0,0.0,1.0,,18.0
Orthoflavivirus langatense,1,2,4,17,0.0,1.0,,,,,
Orthoflavivirus louisense,2,3,4,17,0.0,1.0,,,,,
Orthoflavivirus loupingi,2,3,4,17,0.0,1.0,,,,,
Orthoflavivirus meabanense,2,3,4,17,0.0,1.0,,,,,
Orthoflavivirus modocense,1,2,4,17,0.0,1.0,,,,,
Orthoflavivirus montanaense,1,2,4,17,0.0,1.0,,,,,
Orthoflavivirus murrayense,2,3,4,17,0.0,1.0,,,,,
Orthoflavivirus nilense,2,3,4,17,0.0,1.0,,,,,
Orthoflavivirus nilense (West Nile virus NS5-E218A mutant strain),1,2,4,17,0.0,1.0,0.0,0.0,1.0,,25.0
Orthoflavivirus nilense NATtrol Inactivated,1,2,4,17,0.0,1.0,,,,,
Orthoflavivirus nilense RepliVax WN,1,2,4,17,0.0,1.0,,,,,
Orthoflavivirus ntayaense,1,2,4,17,0.0,1.0,,,,,
Orthoflavivirus omskense,3,4,4,17,0.0,1.0,,,,,
Orthoflavivirus perlitaense,2,3,4,17,0.0,1.0,,,,,
Orthoflavivirus phnompenhense,1,2,4,17,0.0,1.0,,,,,
Orthoflavivirus powassanense,2,3,4,17,0.0,1.0,,,,,
Orthoflavivirus royalense,1,2,4,17,0.0,1.0,,,,,
Orthoflavivirus saboyaense,1,2,4,17,0.0,1.0,,,,,
Orthoflavivirus saumarezense,2,3,4,17,0.0,1.0,,,,,
Orthoflavivirus sepikense,2,3,4,17,0.0,1.0,,,,,
Orthoflavivirus tembusu,1,2,4,17,0.0,1.0,0.0,0.0,1.0,,3.0
Orthoflavivirus tyuleniyense,1,2,4,17,0.0,1.0,,,,,
Orthoflavivirus ugandaense,1,2,4,17,0.0,1.0,,,,,
Orthoflavivirus usutuense,1,2,4,17,0.0,1.0,,,,,
Orthoflavivirus viejaense,2,3,4,17,0.0,1.0,,,,,
Orthoflavivirus yaoundeense,2,3,4,17,0.0,1.0,,,,,
Orthoflavivirus zikaense,1,2,4,17,0.0,1.0,,,,,
Orthohantavirus andesense,2,3,5,18,0.0,1.0,,,,0.0,2.0
Orthohantavirus asamaense,2,3,5,18,0.0,1.0,,,,,
Orthohantavirus bayoui,2,3,5,18,0.0,1.0,,,,1.0,2.0
Orthohantavirus caobangense,2,3,5,18,0.0,1.0,,,,0.0,1.0
Orthohantavirus chocloense,2,3,5,18,0.0,1.0,,,,,
Orthohantavirus delgaditoense,2,3,5,18,0.0,1.0,,,,0.0,1.0
Orthohantavirus dobravaense,2,3,5,18,0.0,1.0,,,,,
Orthohantavirus hantanense,2,3,5,18,0.0,1.0,,,,1.0,3.0
Orthohantavirus khabarovskense,2,3,5,18,0.0,1.0,,,,0.0,1.0
Orthohantavirus mamorense (Laguna negra virus),2,3,5,18,0.0,1.0,1.0,0.0,1.0,,5.0
Orthohantavirus maporalense,2,3,5,18,0.0,1.0,,,,,
Orthohantavirus nigrorivense,2,3,5,18,0.0,1.0,,,,,
Orthohantavirus oxbowense,2,3,5,18,0.0,1.0,,,,,
Orthohantavirus prospectense,1,2,5,18,0.0,1.0,,,,0.0,1.0
Orthohantavirus puumalaense,2,3,5,18,0.0,1.0,,,,0.0,2.0
Orthohantavirus sangassouense,2,3,5,18,0.0,1.0,,,,0.0,2.0
Orthohantavirus seoulense,2,3,5,18,0.0,1.0,,,,1.0,3.0
Orthohantavirus sinnombreense,2,3,5,18,0.0,1.0,,,,1.0,2.0
Orthohantavirus thailandense,2,3,5,18,0.0,1.0,,,,,
Orthohantavirus tulaense,2,3,5,18,0.0,1.0,,,,1.0,4.0
Orthohepadnavirus hominoidei,1,2,2,20,0.0,1.0,,,,,
Orthohepadnavirus marmotae,0,1,2,20,0.0,1.0,,,,,
Orthohepadnavirus sciuri,0,1,2,20,0.0,1.0,,,,,
Orthomarburgvirus marburgense,3,4,5,16,0.0,1.0,,,,1.0,1.0
Orthonairovirus bushkeyense,1,2,5,26,0.0,1.0,,,,,
Orthonairovirus chimense,2,3,5,26,0.0,1.0,,,,0.0,3.0
Orthonairovirus dugbeense,2,3,5,26,0.0,1.0,,,,1.0,8.0
Orthonairovirus esteroense,2,3,5,26,0.0,1.0,,,,,
Orthonairovirus gossasense,1,2,5,26,0.0,1.0,,,,,
Orthonairovirus haemorrhagiae,3,4,5,26,0.0,1.0,,,,,
Orthonairovirus keterehense,1,2,5,26,0.0,1.0,,,,,
Orthonairovirus khani,1,2,5,26,0.0,1.0,,,,0.0,1.0
Orthonairovirus qalyubense,1,2,5,26,0.0,1.0,,,,0.0,1.0
Orthonairovirus thiaforaense,1,2,5,26,0.0,1.0,,,,0.0,3.0
Orthonairovirus tomdiense,2,3,5,26,0.0,1.0,,,,0.0,1.0
Orthonairovirus yezoense,1,2,5,26,0.0,1.0,,,,,
Orthonairovirus yogueense,1,2,5,26,0.0,1.0,,,,,
Orthopneumovirus bovis,0,1,5,37,0.0,,,,,0.0,1.0
Orthopneumovirus hominis,1,2,5,37,0.0,,,,,,
Orthopneumovirus hominis LIDdeltaM2-2,0,1,5,37,0.0,,,,,,
Orthopneumovirus hominis LIDdeltaM2-2/276,0,1,5,37,0.0,,,,,,
Orthopneumovirus hominis deltaNS2-L19F-4M,0,1,5,37,0.0,,,,,,
Orthopneumovirus hominis deltaNS2/delta1313/I1314L,0,1,5,37,0.0,,,,,,
Orthopneumovirus muris,0,1,5,37,0.0,,,,,,
Orthopoxvirus camelpox,1,2,0,39,1.0,1.0,0.0,0.0,1.0,,2.0
Orthopoxvirus cowpox,1,2,0,39,1.0,1.0,0.0,0.0,1.0,,16.0
Orthopoxvirus ectromelia,1,2,0,39,1.0,1.0,0.0,0.0,0.0,,3.0
Orthopoxvirus monkeypox,2,3,0,39,1.0,1.0,0.0,0.0,1.0,,9.0
Orthopoxvirus raccoonpox,1,2,0,39,1.0,1.0,,,,,
Orthopoxvirus skunkpox,1,2,0,39,1.0,1.0,,,,,
Orthopoxvirus taterapox,1,2,0,39,1.0,1.0,0.0,0.0,0.0,,1.0
Orthopoxvirus vaccinia,1,2,0,39,1.0,1.0,0.0,0.0,1.0,,10.0
Orthopoxvirus vaccinia NYVAC,0,1,0,39,1.0,1.0,0.0,0.0,1.0,,10.0
Orthopoxvirus vaccinia Recombinant modified vaccinia virus Ankara (MVA) encoding rabies glycoprotein and chronic wasting disease agent epitope,1,2,0,39,1.0,1.0,0.0,0.0,1.0,,140.0
Orthopoxvirus vaccinia strain VET3-TGI,1,2,0,39,1.0,1.0,0.0,0.0,1.0,,10.0
Orthopoxvirus volepox,1,2,0,39,1.0,1.0,0.0,0.0,0.0,,2.0
Orthoreovirus avis,0,1,1,43,0.0,1.0,1.0,0.0,0.0,,1.0
Orthoreovirus mammalis type 1 Lang,1,2,1,43,0.0,,,,,,
Orthoreovirus mammalis type 2 Jones,1,2,1,43,0.0,,,,,,
Orthoreovirus mammalis type 3 Dearing,1,2,1,43,0.0,,,,,,
Orthoreovirus mammalis type 4 Ndelle,1,2,1,43,0.0,,,,,,
Orthoreovirus nelsonense,1,2,1,43,0.0,,,,,,
Orthorubulavirus hominis,1,2,5,31,0.0,1.0,,,,,
Orthorubulavirus laryngotracheitidis,1,2,5,31,0.0,1.0,,,,,
Orthorubulavirus mapueraense,2,3,5,31,0.0,1.0,,,,0.0,1.0
Orthorubulavirus parotitidis,1,2,5,31,0.0,1.0,,,,,
Oryzopoxvirus cotia,1,2,0,39,1.0,1.0,,,,,
Ostreavirus ostreidmalaco1,0,1,0,24,1.0,1.0,,,,,
Ourem virus,2,3,6,47,,1.0,1.0,0.0,0.0,,1.0
Pacuvirus chilibreense,1,2,5,33,0.0,1.0,,,,,
Paraavulavirus hongkongense,0,1,5,31,0.0,1.0,,,,,
Paraavulavirus wisconsinense,0,1,5,31,0.0,1.0,,,,0.0,1.0
Parahenipavirus langyaense,2,3,5,31,0.0,1.0,,,,,
Parahenipavirus mojiangense,3,4,5,31,0.0,1.0,,,,,
Parapoxvirus bovinestomatitis,1,2,0,39,1.0,1.0,,,,,
Parapoxvirus orf,1,2,0,39,1.0,1.0,0.0,0.0,1.0,,5.0
Parapoxvirus pseudocowpox,1,2,0,39,1.0,1.0,0.0,0.0,1.0,,2.0
Parechovirus ahumpari,1,2,4,36,0.0,0.0,0.0,0.0,0.0,,1.0
Parechovirus cebokele,1,2,4,36,0.0,0.0,0.0,0.0,0.0,,1.0
Paroo River virus,2,3,6,47,,1.0,0.0,0.0,1.0,,6.0
Paslahepevirus balayani,1,2,4,21,0.0,,,,,,
Pestivirus ovis,0,1,4,34,0.0,,,,,,
Pestivirus suis,0,1,4,19,0.0,,,,,,
Phlebovirus bujaruense,1,2,2,35,0.0,1.0,,,,,
Phlebovirus florisense,1,2,2,35,0.0,1.0,,,,,
Phlebovirus gabekense,2,3,2,35,0.0,1.0,,,,,
Phlebovirus limboense,1,2,2,35,0.0,1.0,,,,,
Phlebovirus napoliense,1,2,2,35,0.0,1.0,,,,,
Phlebovirus riftense,2,3,2,35,0.0,1.0,,,,,
Phlebovirus riftense strain MP-12,1,2,2,35,0.0,1.0,,,,,
Phlebovirus riograndense,1,2,2,35,0.0,1.0,,,,,
Phlebovirus salangaense,2,3,2,35,0.0,1.0,,,,,
Ponteves virus,2,3,6,47,,1.0,0.0,,0.0,,1.0
Porcine enteric calicivirus,1,2,6,47,,1.0,0.0,0.0,0.0,,1.0
Protoparvovirus carnivoran1,0,1,3,32,1.0,0.0,0.0,0.0,0.0,,1.0
Protoparvovirus rodent1,0,1,3,32,1.0,0.0,0.0,0.0,0.0,,1.0
Protoparvovirus ungulate1,0,1,3,32,1.0,0.0,0.0,0.0,0.0,,1.0
Quang Binh virus,0,1,6,47,,1.0,1.0,0.0,1.0,0.0,1.0
Quaranjavirus araguariense,2,3,5,29,0.0,1.0,,,,,
Quaranjavirus johnstonense,1,2,5,29,0.0,1.0,,,,0.0,1.0
Quwivirus caviidbeta2,0,1,0,28,1.0,,,,,,
Ranavirus perca1,0,1,0,22,1.0,1.0,1.0,0.0,1.0,,6.0
Ranavirus rana1,0,1,0,22,1.0,1.0,1.0,0.0,1.0,,6.0
Rat leukemia virus,1,2,6,47,,1.0,0.0,0.0,0.0,,3.0
Respirovirus bovis,0,1,5,31,0.0,1.0,,,,0.0,1.0
Respirovirus laryngotracheitidis,1,2,5,31,0.0,1.0,,,,,
Respirovirus muris,1,2,5,31,0.0,1.0,,,,0.0,4.0
Respirovirus pneumoniae,1,2,5,31,0.0,1.0,,,,,
Rhadinovirus atelinegamma2,1,2,0,28,1.0,,,,,,
Rhadinovirus atelinegamma3,1,2,0,28,1.0,,,,,,
Rhadinovirus humangamma8,1,2,0,28,1.0,,,,,,
Rhadinovirus muridgamma4,0,1,0,28,1.0,,,,,,
Rhadinovirus saimiriinegamma2,1,2,0,28,1.0,,,,,,
Rio Segundo virus - unclassified orthohantavirus,2,3,6,47,,1.0,1.0,0.0,0.0,,2.0
Roseolovirus humanbeta6a,1,2,0,28,1.0,,,,,,
Roseolovirus humanbeta6b,1,2,0,28,1.0,,,,,,
Roseolovirus humanbeta7,1,2,0,28,1.0,,,,,,
Roseolovirus suidbeta2,0,1,0,28,1.0,,,,,,
Rotavirus alphagastroenteritidis,1,2,1,42,0.0,1.0,1.0,0.0,1.0,,6.0
Rous-associated virus,1,2,6,47,,1.0,0.0,,1.0,,3.0
Rubivirus rubellae,1,2,4,25,0.0,,,,,,
Salmovirus salmonidallo2,0,1,0,1,1.0,1.0,,,,,
Sapovirus sapporoense,1,2,4,11,0.0,0.0,,,,,
Sawgrhavirus minto,2,3,5,41,0.0,1.0,,,,,
Schmallenberg virus,0,1,6,47,,1.0,0.0,0.0,0.0,,1.0
Seadornavirus bannaense,1,2,1,42,0.0,,,,,,
Senecavirus valles,0,1,4,36,0.0,0.0,,,,,
Serang virus,2,3,6,47,,1.0,0.0,0.0,1.0,,6.0
Severe acute respiratory syndrome coronavirus 2 (SARS-CoV-2),2,3,6,47,,1.0,0.0,0.0,1.0,,13.0
Severe acute respiratory syndrome coronavirus 2 virus replicon particles trans-complemented with spike protein (?S-VRP(S)),2,3,6,47,,1.0,0.0,0.0,1.0,,13.0
Severe acute respiratory syndrome-related coronavirus (SARS-CoV),2,3,6,47,,1.0,0.0,0.0,1.0,,13.0
Siadenovirus gallopavotertii,0,1,0,0,1.0,0.0,,,,,
Simian-Human immunodeficiency virus,2,3,6,47,,1.0,0.0,0.0,0.0,,15.0
Simiispumavirus pantroschfo,1,2,2,40,0.0,1.0,,,,,
Simplexvirus atelinealpha1,1,2,0,28,1.0,,,,,,
Simplexvirus bovinealpha2,0,1,0,28,1.0,,,,,,
Simplexvirus humanalpha1,1,2,0,28,1.0,,,,,,
Simplexvirus humanalpha2,1,2,0,28,1.0,,,,,,
Simplexvirus macacinealpha1,3,4,0,28,1.0,,,,,,
Simplexvirus saimiriinealpha1,1,2,0,28,1.0,,,,,,
Snakehead retrovirus,0,1,6,47,,1.0,1.0,0.0,0.0,0.0,1.0
Sparrowpox virus,0,1,6,47,,1.0,0.0,0.0,1.0,,16.0
Sprivivirus cyprinus,0,1,5,41,0.0,1.0,,,,0.0,1.0
Sripuvirus almpiwar,1,2,5,41,0.0,1.0,,,,,
Sripuvirus chaco,1,2,5,41,0.0,1.0,,,,,
Sripuvirus madureira,2,3,5,41,0.0,1.0,,,,,
Starlingpox virus,0,1,6,47,,1.0,0.0,0.0,1.0,,2.0
Suipoxvirus swinepox,0,1,0,39,1.0,1.0,0.0,0.0,0.0,,1.0
Sunday Canyon virus,1,2,6,47,,1.0,1.0,0.0,0.0,,2.0
Sunrhavirus kolongo,1,2,5,41,0.0,1.0,,,,,
Sunrhavirus sandjimba,1,2,5,41,0.0,1.0,,,,,
Swine vesicular disease virus,1,2,6,47,,1.0,0.0,0.0,0.0,,8.0
Teschovirus asilesi,0,1,4,36,0.0,0.0,,,,,
Thogotovirus dhoriense,2,3,5,29,0.0,1.0,1.0,0.0,1.0,,7.0
Thogotovirus ozense,2,3,5,29,0.0,1.0,1.0,0.0,1.0,,7.0
Thogotovirus upoluense,1,2,5,29,0.0,1.0,1.0,0.0,1.0,,7.0
Thottimvirus imjinense,2,3,5,18,0.0,1.0,,,,,
Thottimvirus thottapalayamense,1,2,5,18,0.0,1.0,,,,,
Tibrovirus coastal,2,3,5,41,0.0,1.0,,,,,
Tibrovirus congo,3,4,5,41,0.0,1.0,1.0,0.0,1.0,1.0,1.0
Tibrovirus tibrogargan,1,2,5,41,0.0,1.0,,,,,
Tilapinevirus tilapiae,0,1,5,2,0.0,,,,,,
Tilligerry virus,2,3,6,47,,1.0,0.0,0.0,0.0,,1.0
Tindholmur virus,1,2,6,47,,1.0,1.0,0.0,1.0,,4.0
Tobamovirus fructirugosum,0,1,4,46,0.0,0.0,,,,,
Tribec virus,1,2,6,47,,1.0,1.0,0.0,1.0,,10.0
Tupavirus klamath,1,2,5,41,0.0,1.0,,,,,
Uukuvirus tyulenyense,1,2,2,35,0.0,1.0,,,,,
Varicellovirus bovinealpha1,0,1,0,28,1.0,,,,,,
Varicellovirus equidalpha1,0,1,0,28,1.0,,,,,,
Varicellovirus equidalpha3,0,1,0,28,1.0,,,,,,
Varicellovirus equidalpha4,0,1,0,28,1.0,,,,,,
Varicellovirus humanalpha3,1,2,0,28,1.0,,,,,,
Varicellovirus suidalpha1,1,2,0,28,1.0,,,,,,
Vesicular stomatitis virus,2,3,6,47,,1.0,0.0,0.0,1.0,,3.0
Vesiculovirus alagoas,1,2,5,41,0.0,1.0,0.0,0.0,1.0,,3.0
Vesiculovirus bogdanovac,2,3,5,41,0.0,1.0,,,,0.0,2.0
Vesiculovirus chandipura,2,3,5,41,0.0,1.0,0.0,0.0,1.0,,2.0
Vesiculovirus cocal,1,2,5,41,0.0,1.0,0.0,0.0,0.0,,1.0
Vesiculovirus indiana,1,2,5,41,0.0,1.0,0.0,0.0,1.0,,58.0
Vesiculovirus indiana VSV-?M51-GFP,1,2,5,41,0.0,1.0,,,,,
Vesiculovirus indiana VSV-GP,1,2,5,41,0.0,1.0,0.0,0.0,1.0,,58.0
Vesiculovirus indiana VSV?G SARS 2 SPIKE,1,2,5,41,0.0,1.0,,,,,
Vesiculovirus indiana VSV?G-LASV-GPC,1,2,5,41,0.0,1.0,,,,,
Vesiculovirus indiana VSV?G-SARS-CoV-2.Delta,1,2,5,41,0.0,1.0,,,,,
Vesiculovirus indiana VSV?G-SARS-CoV-2.V590,1,2,5,41,0.0,1.0,,,,,
Vesiculovirus indiana rVSV?G SARS-CoV-2 pseudovirus,1,2,5,41,0.0,1.0,,,,,
Vesiculovirus indiana rVSV?G-ZEBOV-GP (V920),1,2,5,41,0.0,1.0,,,,,
Vesiculovirus indiana rVSV?G/EBOV-GP-NLucP,1,2,5,41,0.0,1.0,,,,,
Vesiculovirus indiana rVSVind-GML,1,2,5,41,0.0,1.0,,,,,
Vesiculovirus isfahan,1,2,5,41,0.0,1.0,0.0,0.0,1.0,,3.0
Vesiculovirus jurona,1,2,5,41,0.0,1.0,0.0,0.0,0.0,0.0,1.0
Vesiculovirus maraba,1,2,5,41,0.0,1.0,0.0,0.0,0.0,,1.0
Vesiculovirus maraba 0MG1 strain,1,2,5,41,0.0,1.0,0.0,0.0,0.0,,1.0
Vesiculovirus newjersey,1,2,5,41,0.0,1.0,0.0,0.0,1.0,,16.0
Vesiculovirus newjersey rVSVnj-GMM,1,2,5,41,0.0,1.0,,,,,
Vesiculovirus perinet,2,3,5,41,0.0,1.0,,,,0.0,1.0
Vesiculovirus piry,2,3,5,41,0.0,1.0,0.0,0.0,0.0,,1.0
Vesiculovirus radi,2,3,5,41,0.0,1.0,,,,0.0,1.0
Vesivirus exanthema,0,1,4,11,0.0,0.0,,,,,
Vesivirus felis,0,1,4,11,0.0,0.0,,,,,
Vespertilionpoxvirus eptesipox,1,2,0,39,1.0,1.0,,,,,
Wanowrie virus,1,2,6,47,,1.0,1.0,0.0,0.0,,1.0
Wesselsbrons virus,2,3,6,47,,1.0,0.0,0.0,1.0,,11.0
White spot syndrome virus,0,1,6,47,,1.0,0.0,0.0,1.0,,25.0
Xenotropic Murine Leukemia Virus-related virus,1,2,6,47,,1.0,0.0,0.0,0.0,,3.0
Yacaaba virus,2,3,6,47,,1.0,0.0,0.0,0.0,,1.0
Yatapoxvirus tanapox,1,2,0,39,1.0,1.0,0.0,0.0,1.0,,2.0
Yatapoxvirus yabapox,1,2,0,39,1.0,1.0,,,,,
Zegla orthobunyavirus,1,2,6,47,,1.0,1.0,0.0,0.0,,1.0
(Ortho) reoviruses,1,2,1,43,0.0,1.0,1.0,0.0,0.0,,1.0
Adeno-associated viruses AAV,1,2,6,47,,1.0,0.0,,1.0,,3.0
Aino virus,2,3,6,47,,1.0,1.0,0.0,0.0,0.0,1.0
Alphaviruses,2,3,4,45,0.0,1.0,1.0,0.0,0.0,,1.0
Aphthovirus,1,2,4,36,0.0,0.0,0.0,0.0,0.0,,2.0
Aura virus,1,2,4,45,0.0,1.0,0.0,0.0,1.0,0.0,1.0
Bebaru virus,1,2,4,45,0.0,1.0,0.0,0.0,0.0,0.0,1.0
Borna disease virus,1,2,6,47,,1.0,0.0,0.0,1.0,,20.0
Bovine coronavirus,1,2,6,47,,1.0,0.0,0.0,0.0,,1.0
Bovine diarrhoea virus,1,2,6,47,,1.0,0.0,0.0,0.0,,42.0
Bovine enteric calicivirus,1,2,6,47,,1.0,0.0,0.0,0.0,,1.0
Bovine enteroviruses types 1-7,1,2,6,47,,1.0,0.0,0.0,0.0,,17.0
Cabassou virus,2,3,4,45,0.0,1.0,0.0,0.0,0.0,0.0,2.0
Calicivirus,1,2,6,47,,1.0,0.0,0.0,0.0,,1.0
Canid herpesvirus 1,1,2,6,47,,1.0,0.0,0.0,0.0,0.0,1.0
Canine coronavirus,1,2,6,47,,1.0,0.0,0.0,0.0,,2.0
Cardiovirus,1,2,4,36,0.0,0.0,0.0,0.0,1.0,,2.0
Chikungunya virus,2,3,4,45,0.0,1.0,0.0,0.0,1.0,,16.0
Coronavirus,2,3,6,47,,1.0,0.0,0.0,0.0,,1.0
Cowpox virus,1,2,0,39,1.0,1.0,0.0,0.0,1.0,,16.0
Dengue virus,2,3,6,47,,1.0,0.0,0.0,1.0,,25.0
"Dengue virus types 1-4 Synthetic RNA (ATCC VR-3228SD, VR-3229SD, VR-3230SD, VR-3231SD)",0,1,6,47,,1.0,0.0,0.0,1.0,,25.0
Duvenhage virus,2,3,5,41,0.0,1.0,0.0,,1.0,1.0,2.0
Ebola virus,3,4,6,47,,1.0,1.0,0.0,0.0,,1.0
Ectromelia virus,2,3,0,39,1.0,1.0,0.0,0.0,0.0,,3.0
Enterovirus,1,2,4,36,0.0,0.0,0.0,0.0,1.0,,3.0
Felid herpesvirus 1,1,2,6,47,,1.0,0.0,0.0,0.0,0.0,1.0
Fowlpox virus,1,2,0,39,1.0,1.0,0.0,0.0,1.0,,16.0
Getah virus,2,3,4,45,0.0,1.0,0.0,0.0,1.0,,3.0
Hamster H-1 virus,1,2,6,47,,1.0,0.0,0.0,0.0,1.0,1.0
Hanta virus,2,3,6,47,,1.0,1.0,0.0,1.0,,6.0
Hepatitis A virus,1,2,4,36,0.0,0.0,0.0,0.0,0.0,,1.0
Hepatitis B virus,2,3,6,47,,1.0,0.0,0.0,1.0,,6.0
Hepatitis C virus,2,3,4,19,0.0,1.0,0.0,0.0,1.0,1.0,1.0
Hepatitis D virus,2,3,6,47,,1.0,0.0,0.0,1.0,,6.0
Hepatitis E virus,2,3,6,47,,1.0,0.0,0.0,1.0,1.0,1.0
Hepatitis G virus,2,3,6,47,,1.0,0.0,0.0,1.0,,6.0
Human Immunodeficiency virus (HIV),2,3,6,47,,1.0,0.0,0.0,0.0,,1.0
Influenza A virus subtype H5N1,2,3,6,47,,1.0,1.0,0.0,1.0,,22.0
Influenza A virus subtype H7N9,2,3,6,47,,1.0,1.0,0.0,1.0,,22.0
Influenza virus,1,2,6,47,,1.0,1.0,0.0,1.0,,22.0
Kairi virus,2,3,6,47,,1.0,1.0,0.0,1.0,0.0,2.0
Kumlinge virus,3,4,6,47,,1.0,1.0,0.0,1.0,,9.0
Kyasanur forest disease virus,3,4,6,47,,1.0,0.0,0.0,1.0,1.0,6.0
Mayaro virus,2,3,4,45,0.0,1.0,0.0,0.0,1.0,,18.0
Mokola virus,2,3,5,41,0.0,1.0,0.0,0.0,1.0,1.0,5.0
Monkey enteroviruses (SEV),1,2,6,47,,1.0,0.0,0.0,0.0,,1.0
Monkeypox virus,2,3,0,39,1.0,1.0,0.0,0.0,1.0,1.0,9.0
Morbillivirus,3,4,5,31,0.0,1.0,0.0,0.0,0.0,,5.0
"Mouse rotavirus (EDIM, epizootic diarhoea of infant mice)",1,2,1,42,0.0,1.0,1.0,0.0,1.0,,6.0
Mucambo virus,2,3,4,45,0.0,1.0,0.0,0.0,0.0,0.0,1.0
Murine leukemia virus,2,3,6,47,,1.0,0.0,0.0,0.0,,3.0
"Murine poliovirus (Theiler's encephalomyelitis virus, TO, FA, GD7)",1,2,4,36,0.0,0.0,0.0,0.0,0.0,,1.0
Myxoma virus,2,3,0,39,1.0,1.0,0.0,0.0,0.0,,3.0
Ndumu virus,2,3,4,45,0.0,1.0,0.0,0.0,1.0,0.0,1.0
Newcastle disease virus,2,3,6,47,,1.0,0.0,0.0,0.0,0.0,2.0
Norovirus (former Norwalk virus),1,2,4,11,0.0,0.0,0.0,0.0,0.0,,1.0
Orf virus,1,2,0,39,1.0,1.0,0.0,0.0,1.0,,5.0
Paravaccinia virus,1,2,6,47,,1.0,0.0,0.0,1.0,,10.0
Parvovirus,1,2,6,47,,1.0,0.0,,0.0,,1.0
Piry,2,3,5,41,0.0,1.0,0.0,0.0,0.0,0.0,2.0
Poliovirus,2,3,4,36,0.0,0.0,0.0,0.0,0.0,,1.0
Porcine enterovirus type 1 (Teschen disease),2,3,6,47,,1.0,0.0,0.0,1.0,,3.0
Rabies virus,2,3,5,41,0.0,1.0,0.0,0.0,1.0,,140.0
Rat coronavirus,1,2,6,47,,1.0,0.0,0.0,0.0,0.0,2.0
Rat rotavirus,1,2,1,42,0.0,1.0,1.0,0.0,1.0,,6.0
Reoviruses,1,2,6,47,,1.0,1.0,0.0,0.0,,1.0
Rocio virus,2,3,6,47,,1.0,0.0,0.0,0.0,1.0,2.0
Ross river virus,1,2,6,47,,1.0,0.0,0.0,1.0,,6.0
Rotavirus,1,2,1,42,0.0,1.0,1.0,0.0,1.0,,6.0
Rotaviruses for animals (other),1,2,1,42,0.0,1.0,1.0,0.0,1.0,,6.0
Rubivirus,1,2,4,25,0.0,1.0,0.0,0.0,1.0,,140.0
Sealpox virus,1,2,0,39,1.0,1.0,0.0,0.0,1.0,,2.0
Severe acute respiratory syndrome coronavirus 2 (SARS-CoV-2) RNA,1,2,6,47,,1.0,0.0,0.0,1.0,,13.0
Sheeppox virus,2,3,0,39,1.0,1.0,0.0,0.0,0.0,,2.0
Simian immunodeficiency virus,2,3,6,47,,1.0,0.0,0.0,0.0,,15.0
Sindbis virus,1,2,4,45,0.0,1.0,0.0,0.0,1.0,1.0,4.0
Swinepox virus,1,2,0,39,1.0,1.0,0.0,0.0,0.0,,1.0
Tanapox,1,2,0,39,1.0,1.0,0.0,0.0,1.0,,2.0
Turkey coronavirus,1,2,6,47,,1.0,0.0,0.0,0.0,,1.0
Uasin Gishu disease virus,1,2,6,47,,1.0,0.0,0.0,0.0,,11.0
Vaccinia virus,1,2,0,39,1.0,1.0,0.0,0.0,1.0,,10.0
Vesicular exanthema of swine virus,2,3,6,47,,1.0,0.0,0.0,0.0,0.0,1.0
Wesselsbron virus,2,3,6,47,,1.0,0.0,0.0,1.0,1.0,2.0
West Nile Virus 2 (Strain: 1986) Lysate,1,2,6,47,,1.0,0.0,0.0,1.0,,25.0
West Nile virus,2,3,6,47,,1.0,0.0,0.0,1.0,,25.0
Yabapox virus,1,2,0,39,1.0,1.0,0.0,0.0,1.0,,2.0
Yellow fever virus (vaccine strain 17D),1,2,6,47,,1.0,0.0,0.0,1.0,,24.0
Yellow fever virus Synthetic RNA (ATCC VR-3253SD),1,2,6,47,,1.0,0.0,0.0,1.0,,24.0
"Yellow fever virus, wild type",2,3,6,47,,1.0,0.0,0.0,1.0,,24.0
australis,2,3,4,23,0.0,,,,,,
bovis,2,3,0,38,1.0,0.0,,,,,
canis,2,3,0,38,1.0,0.0,,,,,
equi,1,2,0,38,1.0,0.0,,,,,
europaeus,1,2,4,11,0.0,0.0,,,,,
felis,1,2,5,31,0.0,1.0,,,,,
hominis,1,2,0,14,1.0,,,,,,
influenzae,1,2,5,29,0.0,1.0,1.0,0.0,1.0,,22.0
japonicum,1,2,4,46,0.0,0.0,,,,,
macacae,1,2,0,38,1.0,0.0,,,,,
meleagridis,1,2,4,11,0.0,0.0,,,,,
muris,1,2,0,38,1.0,0.0,,,,,
ovis,2,3,4,34,0.0,,,,,,
phocae,1,2,5,31,0.0,1.0,,,,,
pneumoniae,1,2,5,31,0.0,1.0,,,,,
salmonis,1,2,1,43,0.0,,,,,,
simiae,1,2,0,14,1.0,,,,,,
suis,2,3,0,38,1.0,0.0,,,,,
theileri,1,2,4,36,0.0,0.0,,,,,
