vVirusNameCorrected,vOrder,vFamily,vSubfamily,vGenus,vIsTypeSpecies,vICTVnumber,ReverseZoonoses,IsHoSa,IsHoSa.stringent,vGenomeMinLength,vGenomeMaxLength,vGenomeAveLength,vWOKcites,vPubMedCites,vCytoReplicTF,vSegmentedTF,vVectorYNna,vSSoDS,vDNAoRNA,vEnvelope,IsZoonotic,IsZoonotic.stringent
Adelaide_River_virus,Mononegavirales,Rhabdoviridae,,Ephemerovirus,0,,0,0,0,,,14627.0,6,7,True,False,Y,SS,RNA,enveloped,0,0
Adeno-associated_virus-1,Unassigned,Parvoviridae,Parvovirinae,Dependovirus,0,00.050.1.03.002.,0,1,0,,,4718.0,54,14,False,False,,SS,DNA,non-enveloped,1,0
Adeno-associated_virus-2,Unassigned,Parvoviridae,Parvovirinae,Dependovirus,1,00.050.1.03.001.,1,1,1,,,4679.0,573,381,False,False,,SS,DNA,non-enveloped,1,0
Adeno-associated_virus-5,Unassigned,Parvoviridae,Parvovirinae,Dependovirus,0,,0,1,1,,,4642.0,4,4,False,False,,SS,DNA,non-enveloped,0,0
African_green_monkey_polyomavirus,Unassigned,Polyomaviridae,,Polyomavirus,,,0,1,0,,,5270.0,1,0,True,False,N,DS,DNA,non-enveloped,1,0
African_green_monkey_simian_foamy_virus,Unassigned,Retroviridae,Spumaretrovirinae,Spumavirus,0,00.061.2.07.007.00.003.,0,0,0,,,13111.0,1,14,False,False,N,SS,RNA,enveloped,0,0
African_horse_sickness_virus,Unassigned,Reoviridae,Sedoreovirinae,Orbivirus,0,00.060.0.02.002.,0,0,0,,,19200.0,418,291,True,True,Y,DS,RNA,non-enveloped,0,0
African_swine_fever_virus,Unassigned,Asfarviridae,,Asfivirus,1,00.002.0.01.001.,0,0,0,170000.0,190000.0,170101.0,969,789,True,False,Y,DS,DNA,enveloped,0,0
Aichi_virus,Picornavirales,Picornaviridae,,Kobuvirus,1,,0,1,1,8244.0,8280.0,8262.0,100,80,True,False,N,SS,RNA,non-enveloped,0,0
Akabane_virus,Unassigned,Bunyaviridae,,Orthobunyavirus,0,00.011.0.01.003.,0,0,0,,,12035.0,232,126,True,True,Y,SS,RNA,enveloped,0,0
Alcelaphine_herpesvirus_1,Herpesvirales,Herpesviridae,Gammaherpesvirinae,Rhadinovirus,0,,0,0,0,,,130608.0,102,88,False,False,N,DS,DNA,enveloped,0,0
Alcelaphine_herpesvirus_2,Herpesvirales,Herpesviridae,Gammaherpesvirinae,Rhadinovirus,0,,0,0,0,,,135000.0,2,3,False,False,N,DS,DNA,enveloped,0,0
Aleutian_mink_disease_virus,Unassigned,Parvoviridae,Parvovirinae,Amdovirus,1,,0,1,0,,,4801.0,204,195,False,False,,SS,DNA,non-enveloped,1,0
Allpaahuayo_virus,Unassigned,Arenaviridae,,Arenavirus,0,,0,0,0,,,10435.0,1,1,True,True,N,SS,RNA,enveloped,0,0
Amapari_virus,Unassigned,Arenaviridae,,Arenavirus,0,00.003.0.01.007.,0,0,0,,,10387.0,9,5,True,True,N,SS,RNA,enveloped,0,0
Andes_virus,Unassigned,Bunyaviridae,,Hantavirus,0,00.011.0.02.,0,1,1,,,10233.0,157,95,True,True,N,SS,RNA,enveloped,1,1
Anopheles_A_virus,Unassigned,Bunyaviridae,,Orthobunyavirus,0,00.011.0.01.005.,0,1,1,12300.0,12450.0,12375.0,13,5,True,True,Y,SS,RNA,enveloped,1,1
Anopheles_B_virus,Unassigned,Bunyaviridae,,Orthobunyavirus,0,00.011.0.01.006.,0,0,0,12300.0,12450.0,12375.0,13,5,True,True,Y,SS,RNA,enveloped,0,0
Apoi_virus,Unassigned,Flaviviridae,,Flavivirus,0,,0,0,0,,,10116.0,2,1,True,False,Y,SS,RNA,enveloped,0,0
Araguari_virus,Unassigned,Unassigned,,Unassigned,0,,0,0,0,,,,2,2,False,False,Y,SS,RNA,enveloped,0,0
Aravan_virus,Mononegavirales,Rhabdoviridae,,Lyssavirus,Tentative in genus,,0,0,0,,,11918.0,10,4,True,False,N,SS,RNA,enveloped,0,0
Arctic_squirrel_hepatitis_virus,Unassigned,Hepadnaviridae,,Orthohepadnavirus,Tentative in genus,,0,0,0,,,3302.0,1,1,False,False,N,DS,DNA,enveloped,0,0
Aroa_virus,Unassigned,Flaviviridae,,Flavivirus,0,,0,1,1,,,10248.0,1,0,True,False,Y,SS,RNA,enveloped,1,1
Arumowot_virus,Unassigned,Bunyaviridae,,Phlebovirus,Tentative in genus,,0,0,0,,,12262.0,1,2,True,True,Y,SS,RNA,enveloped,0,0
Ateline_herpesvirus_1,Herpesvirales,Herpesviridae,Alphaherpesvirinae,Simplexvirus,0,,0,0,0,,,152000.0,0,0,False,False,N,DS,DNA,enveloped,0,0
Ateline_herpesvirus_2,Herpesvirales,Herpesviridae,Gammaherpesvirinae,Rhadinovirus,0,00.031.3.02.002.,0,0,0,,,112000.0,7,2,False,False,N,DS,DNA,enveloped,0,0
Aura_virus,Unassigned,Togaviridae,,Alphavirus,0,00.073.0.01.002.,0,1,0,,,11824.0,18,13,True,False,Y,SS,RNA,enveloped,1,0
Australian_bat_lyssavirus,Mononegavirales,Rhabdoviridae,,Lyssavirus,0,01.062.0.02.,0,1,1,,,11822.0,75,59,True,False,N,SS,RNA,enveloped,1,1
Baboon_orthoreovirus,Unassigned,Reoviridae,,Orthoreovirus,0,,0,0,0,887.0,3903.0,22435.0,0,0,True,True,N,DS,RNA,non-enveloped,0,0
Baboon_polyomavirus_2,Unassigned,Polyomaviridae,,Polyomavirus,,,0,0,0,,,5181.0,0,0,True,False,N,DS,DNA,non-enveloped,0,0
Bakau_virus,Unassigned,Bunyaviridae,,Orthobunyavirus,0,00.011.0.01.007.,0,0,0,12300.0,12450.0,12375.0,1,3,True,True,Y,SS,RNA,enveloped,0,0
Bangui_virus,Unassigned,Bunyaviridae,,Unassigned,0,,0,1,1,,,,1,0,True,True,Y,SS,RNA,enveloped,0,0
Banna_virus,Unassigned,Reoviridae,Sedoreovirinae,Seadornavirus,1,,0,1,1,12300.0,12450.0,12375.0,34,22,True,True,Y,DS,RNA,non-enveloped,1,1
Banzi_virus,Unassigned,Flaviviridae,,Flavivirus,0,,0,1,1,,,10182.0,48,22,True,False,Y,SS,RNA,enveloped,1,1
Barmah_Forest_virus,Unassigned,Togaviridae,,Alphavirus,0,00.073.0.01.004.,0,1,1,,,11488.0,118,65,True,False,Y,SS,RNA,enveloped,1,0
Barur_virus,Mononegavirales,Rhabdoviridae,,Unassigned,0,,0,0,0,,,,1,2,False,False,N,SS,RNA,enveloped,0,0
Bayou_virus,Unassigned,Bunyaviridae,,Hantavirus,0,,0,1,1,3677.0,,12155.0,13,8,True,True,N,SS,RNA,enveloped,1,1
Bear_Canyon_virus,Unassigned,Arenaviridae,,Arenavirus,0,,0,0,0,,,10441.0,2,2,True,True,N,SS,RNA,enveloped,0,0
Bebaru_virus,Unassigned,Togaviridae,,Alphavirus,0,00.073.0.01.005.,0,1,1,,,11700.0,3,3,True,False,Y,SS,RNA,enveloped,0,0
Berrimah_virus,Mononegavirales,Rhabdoviridae,,Ephemerovirus,0,,0,0,0,,,15024.0,2,2,True,False,Y,SS,RNA,enveloped,0,0
Bhanja_virus,Unassigned,Bunyaviridae,,Unassigned,0,00.011.0.00.104.,0,1,0,10500.0,22700.0,16600.0,68,43,True,True,Y,SS,RNA,enveloped,1,0
Bimiti_virus,Unassigned,Bunyaviridae,,Orthobunyavirus,0,,0,0,0,,,12102.0,5,3,True,True,Y,SS,RNA,enveloped,0,0
Bivens_Arm_virus,Mononegavirales,Rhabdoviridae,,Unassigned,0,,0,0,0,,,,2,2,True,False,N,SS,RNA,enveloped,0,0
BK_polyomavirus,Unassigned,Polyomaviridae,,Polyomavirus,0,,0,1,1,5133.0,5380.0,5256.5,148,110,True,False,N,DS,DNA,non-enveloped,0,0
Black_Creek_Canal_virus,Unassigned,Bunyaviridae,,Hantavirus,0,,0,1,1,,,15450.0,15,12,True,True,N,SS,RNA,enveloped,1,1
Bluetongue_virus,Unassigned,Reoviridae,Sedoreovirinae,Orbivirus,1,00.060.0.02.001.,0,0,0,,,19200.0,2679,1789,True,True,Y,DS,RNA,non-enveloped,0,0
Border_disease_virus,Unassigned,Flaviviridae,,Pestivirus,0,,0,0,0,,,12333.0,306,252,True,False,N,SS,RNA,enveloped,0,0
Borna_disease_virus,Mononegavirales,Bornaviridae,,Bornavirus,1,01.081.0.01.001.,0,1,0,,,8910.0,1038,718,False,False,N,SS,RNA,enveloped,1,0
Bouboui_virus,Unassigned,Flaviviridae,,Flavivirus,0,,0,1,1,,,10173.0,3,2,True,False,Y,SS,RNA,enveloped,1,1
Bovine_adenovirus_A,Unassigned,Adenoviridae,,Mastadenovirus,0,00.001.0.01.002.,0,0,0,,,34185.0,393,2,False,False,N,DS,DNA,non-enveloped,0,0
Bovine_adenovirus_B,Unassigned,Adenoviridae,,Mastadenovirus,0,00.001.0.01.003.,0,0,0,,,34446.0,5,1,False,False,N,DS,DNA,non-enveloped,0,0
Bovine_adenovirus_C,Unassigned,Adenoviridae,,Mastadenovirus,0,00.001.0.01.004.,0,0,0,,,35500.0,1,1,False,False,N,DS,DNA,non-enveloped,0,0
Bovine_adenovirus_D,Unassigned,Adenoviridae,,Atadenovirus,0,00.001.0.03.003.,0,0,0,,,31301.0,1,1,False,False,N,DS,DNA,non-enveloped,0,0
Bovine_adenovirus_E,Unassigned,Adenoviridae,,Atadenovirus,Tentative in genus,00.001.0.03.004.,0,0,0,,,30000.0,2,2,False,False,N,DS,DNA,non-enveloped,0,0
Bovine_astrovirus,Unassigned,Astroviridae,,Mamastrovirus,0,00.005.0.01.002.,0,0,0,6233.0,6530.0,6322.33,6,7,True,False,N,SS,RNA,non-enveloped,0,0
Bovine_coronavirus,Nidovirales,Coronaviridae,,Coronavirus,0,03.019.0.01.002.,0,0,0,,,31028.0,599,408,True,False,N,SS,RNA,enveloped,0,0
Bovine_enteric_calicivirus_strain_NB,Unassigned,Caliciviridae,,Unassigned,0,,0,0,0,,,7453.0,0,0,True,False,N,SS,RNA,non-enveloped,0,0
Bovine_ephemeral_fever_virus,Mononegavirales,Rhabdoviridae,,Ephemerovirus,1,01.062.0.03.001.,0,0,0,,,14900.0,162,96,True,False,Y,SS,RNA,enveloped,0,0
Bovine_foamy_virus,Unassigned,Retroviridae,Spumaretrovirinae,Spumavirus,0,,0,0,0,,,12002.0,20,20,False,False,N,SS,RNA,enveloped,0,0
Bovine_herpesvirus_1,Herpesvirales,Herpesviridae,Alphaherpesvirinae,Varicellovirus,0,,0,0,0,,,140000.0,1317,2065,False,False,N,DS,DNA,enveloped,0,0
Bovine_herpesvirus_2,Herpesvirales,Herpesviridae,Alphaherpesvirinae,Simplexvirus,0,,0,0,0,,,133000.0,37,132,False,False,N,DS,DNA,enveloped,0,0
Bovine_herpesvirus_4,Herpesvirales,Herpesviridae,Gammaherpesvirinae,Rhadinovirus,0,,0,0,0,,,145000.0,168,163,False,False,N,DS,DNA,enveloped,0,0
Bovine_herpesvirus_5,Herpesvirales,Herpesviridae,Alphaherpesvirinae,Varicellovirus,0,,0,0,0,,,140000.0,78,85,False,False,N,DS,DNA,enveloped,0,0
Bovine_immunodeficiency_virus,Unassigned,Retroviridae,Orthoretrovirinae,Lentivirus,0,00.061.1.06.002.,0,0,0,,,8482.0,327,236,False,False,N,SS,RNA,enveloped,0,0
Bovine_leukemia_virus,Unassigned,Retroviridae,Orthoretrovirinae,Deltaretrovirus,1,00.061.1.05.001.,0,1,0,,,8419.0,1886,1643,False,False,N,SS,RNA,enveloped,1,0
Bovine_norovirus-CH126,Unassigned,Caliciviridae,,Norovirus,Tentative in genus,,0,0,0,,,7800.0,0,0,True,False,N,SS,RNA,non-enveloped,0,0
Bovine_norovirus-Jena,Unassigned,Caliciviridae,,Norovirus,Tentative in genus,,0,0,0,,,7338.0,0,0,True,False,N,SS,RNA,non-enveloped,0,0
Bovine_papillomavirus_1,Unassigned,Papillomaviridae,,Deltapapillomavirus,0,,0,0,0,,,7945.0,47,1013,False,False,N,DS,DNA,non-enveloped,0,0
Bovine_papillomavirus_3,Unassigned,Papillomaviridae,,Xipapillomavirus,1,,0,0,0,,,7276.0,2,0,False,False,N,DS,DNA,non-enveloped,0,0
Bovine_papillomavirus_5,Unassigned,Papillomaviridae,,Epsilonpapillomavirus,1,,0,0,0,,,7841.0,0,1,False,False,N,DS,DNA,non-enveloped,0,0
Bovine_papular_stomatitis_virus,Unassigned,Poxviridae,Chordopoxvirinae,Parapoxvirus,0,,0,1,1,,,134431.0,41,29,True,False,N,DS,DNA,enveloped,1,1
Bovine_parainfluenza_virus_3,Mononegavirales,Paramyxoviridae,Paramyxovirinae,Respirovirus,0,,0,0,0,15456.0,15480.0,15468.0,19,68,True,False,N,SS,RNA,enveloped,0,0
Bovine_parvovirus,Unassigned,Parvoviridae,Parvovirinae,Bocavirus,1,,0,0,0,,,5517.0,119,104,False,False,,SS,DNA,non-enveloped,0,0
Bovine_polyomavirus,Unassigned,Polyomaviridae,,Polyomavirus,,,0,0,0,,,4697.0,24,19,True,False,N,DS,DNA,non-enveloped,0,0
Bovine_respiratory_syncytial_virus,Mononegavirales,Paramyxoviridae,Pneumovirinae,Pneumovirus,0,,0,0,0,,,15140.0,593,601,True,False,N,SS,RNA,enveloped,0,0
Bovine_torovirus,Nidovirales,Coronaviridae,Torovirinae,Torovirus,0,03.019.0.02.002.,0,0,0,,,28475.0,34,25,True,False,N,SS,RNA,enveloped,0,0
Bovine_viral_diarrhea_virus_1,Unassigned,Flaviviridae,,Pestivirus,1,00.026.0.02.001.,0,0,0,,,12573.0,170,184,True,False,N,SS,RNA,enveloped,0,0
Bovine_viral_diarrhea_virus_2,Unassigned,Flaviviridae,,Pestivirus,0,,0,0,0,,,12255.0,170,161,True,False,N,SS,RNA,enveloped,0,0
Bubaline_herpesvirus_1,Herpesvirales,Herpesviridae,Alphaherpesvirinae,Varicellovirus,0,,0,0,0,,,125000.0,5,4,False,False,N,DS,DNA,enveloped,0,0
Bujaru_virus,Unassigned,Bunyaviridae,,Phlebovirus,0,00.011.0.04.002.,0,0,0,11400.0,14700.0,13050.0,1,1,True,True,Y,SS,RNA,enveloped,0,0
Bukalasa_bat_virus,Unassigned,Flaviviridae,,Flavivirus,0,,0,0,0,,,10500.0,2,1,True,False,Y,SS,RNA,enveloped,0,0
Bunyamwera_virus,Unassigned,Bunyaviridae,,Orthobunyavirus,1,00.011.0.01.001.,0,1,1,,,12300.0,335,253,True,True,Y,SS,RNA,enveloped,1,1
Bwamba_virus,Unassigned,Bunyaviridae,,Orthobunyavirus,0,00.011.0.01.015.,0,1,1,12370.0,12587.0,12477.5,9,8,True,True,Y,SS,RNA,enveloped,0,0
Cabassou_virus,Unassigned,Togaviridae,,Alphavirus,0,00.073.0.01.030.,0,0,0,,,11500.0,2,2,True,False,Y,SS,RNA,enveloped,0,0
Cacipacore_virus,Unassigned,Flaviviridae,,Flavivirus,0,,0,1,1,,,10284.0,2,2,True,False,Y,SS,RNA,enveloped,0,0
California_encephalitis_virus,Unassigned,Bunyaviridae,,Orthobunyavirus,0,00.011.0.01.016.,0,1,1,12300.0,12450.0,12375.0,401,472,True,True,Y,SS,RNA,enveloped,1,1
Callitrichine_herpesvirus_1,Herpesvirales,Herpesviridae,Gammaherpesvirinae,Unassigned,0,,0,0,0,,,,0,0,False,False,N,DS,DNA,enveloped,0,0
Callitrichine_herpesvirus_3,Herpesvirales,Herpesviridae,Gammaherpesvirinae,Lymphocryptovirus,0,,0,0,0,,,149696.0,4,4,False,False,N,DS,DNA,enveloped,0,0
Camelpox_virus,Unassigned,Poxviridae,Chordopoxvirinae,Orthopoxvirus,0,,0,1,0,,,205719.0,71,51,True,False,N,DS,DNA,enveloped,1,0
Canid_herpesvirus_1,Herpesvirales,Herpesviridae,Alphaherpesvirinae,Varicellovirus,0,,0,0,0,,,125171.0,101,122,False,False,N,DS,DNA,enveloped,0,0
Canine_adenovirus,Unassigned,Adenoviridae,,Mastadenovirus,0,00.001.0.01.005.,0,0,0,,,30536.0,376,265,False,False,N,DS,DNA,non-enveloped,0,0
Canine_calicivirus,Unassigned,Caliciviridae,,Unassigned,0,,0,0,0,,,8513.0,21,21,True,False,N,SS,RNA,non-enveloped,0,0
Canine_coronavirus,Nidovirales,Coronaviridae,,Coronavirus,0,03.019.0.01.003.,0,0,0,27000.0,33000.0,30000.0,325,192,True,False,N,SS,RNA,enveloped,0,0
Canine_distemper_virus,Mononegavirales,Paramyxoviridae,Paramyxovirinae,Morbillivirus,0,,0,1,1,,,15690.0,1804,1372,True,False,N,SS,RNA,enveloped,1,1
Canine_minute_virus,Unassigned,Parvoviridae,Parvovirinae,Bocavirus,0,,0,0,0,,,5097.0,17,11,False,False,,SS,DNA,non-enveloped,0,0
Canine_oral_papillomavirus,Unassigned,Papillomaviridae,,Lambdapapillomavirus,1,,0,0,0,,,8607.0,71,46,False,False,N,DS,DNA,non-enveloped,0,0
Cano_Delgadito_virus,Unassigned,Bunyaviridae,,Hantavirus,0,,0,0,0,,,11811.0,6,5,True,True,N,SS,RNA,enveloped,0,0
Caprine_arthritis_encephalitis_virus,Unassigned,Retroviridae,Orthoretrovirinae,Lentivirus,0,00.061.1.06.007.,0,0,0,,,9189.0,529,396,False,False,,SS,RNA,enveloped,0,0
Caprine_herpesvirus_1,Herpesvirales,Herpesviridae,Alphaherpesvirinae,Varicellovirus,0,,0,0,0,,,125000.0,55,57,False,False,N,DS,DNA,enveloped,0,0
Caraparu_virus,Unassigned,Bunyaviridae,,Orthobunyavirus,0,00.011.0.01.018.,0,1,1,12300.0,12450.0,12375.0,16,7,True,True,Y,SS,RNA,enveloped,1,1
Carey_Island_virus,Unassigned,Flaviviridae,,Flavivirus,0,,0,0,0,,,10500.0,2,1,True,False,Y,SS,RNA,enveloped,0,0
Catu_virus,Unassigned,Bunyaviridae,,Orthobunyavirus,0,,0,1,1,,,12024.0,4,3,True,True,Y,SS,RNA,enveloped,1,1
Caviid_herpesvirus_1,Herpesvirales,Herpesviridae,,Ictalurivirus,0,,0,0,0,,,134000.0,1,1,False,False,N,DS,DNA,enveloped,0,0
Caviid_herpesvirus_2,Herpesvirales,Herpesviridae,Betaherpesvirinae,Unassigned,0,,0,0,0,,,232678.0,0,0,False,False,N,DS,DNA,enveloped,0,0
Caviid_herpesvirus_3,Herpesvirales,Herpesviridae,,Ictalurivirus,0,,0,0,0,,,134000.0,1,1,False,False,N,DS,DNA,enveloped,0,0
Cercopithecine_herpesvirus_1,Herpesvirales,Herpesviridae,Alphaherpesvirinae,Simplexvirus,0,,0,1,1,,,156789.0,90,251,False,False,N,DS,DNA,enveloped,1,1
Cercopithecine_herpesvirus_12,Herpesvirales,Herpesviridae,Gammaherpesvirinae,Lymphocryptovirus,0,,0,0,0,,,170000.0,3,3,False,False,N,DS,DNA,enveloped,0,0
Cercopithecine_herpesvirus_14,Herpesvirales,Herpesviridae,Gammaherpesvirinae,Lymphocryptovirus,0,,0,0,0,,,180000.0,0,0,False,False,N,DS,DNA,enveloped,0,0
Cercopithecine_herpesvirus_15,Herpesvirales,Herpesviridae,Gammaherpesvirinae,Lymphocryptovirus,0,,0,0,0,,,171096.0,2,3,False,False,N,DS,DNA,enveloped,0,0
Cercopithecine_herpesvirus_16,Herpesvirales,Herpesviridae,Alphaherpesvirinae,Simplexvirus,0,,0,0,0,,,156487.0,4,4,False,False,N,DS,DNA,enveloped,0,0
Cercopithecine_herpesvirus_17,Herpesvirales,Herpesviridae,Gammaherpesvirinae,Rhadinovirus,0,,0,0,0,,,133719.0,1,1,False,False,N,DS,DNA,enveloped,0,0
Cercopithecine_herpesvirus_2,Herpesvirales,Herpesviridae,Alphaherpesvirinae,Simplexvirus,0,,0,0,0,,,150000.0,23,4,False,False,N,DS,DNA,enveloped,0,0
Cercopithecine_herpesvirus_5,Herpesvirales,Herpesviridae,Betaherpesvirinae,Cytomegalovirus,0,,0,0,0,,,226205.0,1,1,False,False,N,DS,DNA,enveloped,0,0
Cercopithecine_herpesvirus_8,Herpesvirales,Herpesviridae,Betaherpesvirinae,Cytomegalovirus,0,,0,0,0,,,221454.0,1,1,False,False,N,DS,DNA,enveloped,0,0
Cercopithecine_herpesvirus_9,Herpesvirales,Herpesviridae,Alphaherpesvirinae,Varicellovirus,0,,0,0,0,,,124784.0,1,1,False,False,N,DS,DNA,enveloped,0,0
Cervid_herpesvirus_1,Herpesvirales,Herpesviridae,Alphaherpesvirinae,Varicellovirus,0,,0,0,0,,,125000.0,10,9,False,False,N,DS,DNA,enveloped,0,0
Cervid_herpesvirus_2,Herpesvirales,Herpesviridae,Alphaherpesvirinae,Varicellovirus,0,,0,0,0,,,125000.0,10,10,False,False,N,DS,DNA,enveloped,0,0
Cetacean_morbillivirus_virus,Mononegavirales,Paramyxoviridae,Paramyxovirinae,Morbillivirus,0,,0,0,0,,,15702.0,0,0,True,False,N,SS,RNA,enveloped,0,0
Chagres_virus,Unassigned,Bunyaviridae,,Phlebovirus,Tentative in genus,,0,1,1,,,12602.0,4,4,True,True,Y,SS,RNA,enveloped,0,0
Chandipura_virus,Mononegavirales,Rhabdoviridae,,Vesiculovirus,0,,0,1,1,,,11049.0,113,83,True,False,Y,SS,RNA,enveloped,1,1
Candiru_virus,Unassigned,Bunyaviridae,,Phlebovirus,0,00.011.0.04.003.,0,1,1,12094.0,12831.0,12531.0,1,1,True,True,Y,SS,RNA,enveloped,0,0
Changuinola_virus,Unassigned,Reoviridae,Sedoreovirinae,Orbivirus,0,00.060.0.02.004.,0,1,1,,,19200.0,4,3,True,True,Y,DS,RNA,non-enveloped,1,1
Chikungunya_virus,Unassigned,Togaviridae,,Alphavirus,0,00.073.0.01.007.,0,1,1,,,11826.0,1334,1088,True,False,Y,SS,RNA,enveloped,1,1
Chipmunk_parvovirus,Unassigned,Parvoviridae,,Erythrovirus,Tentative in genus,,0,0,0,,,,1,1,False,False,N,SS,DNA,non-enveloped,0,0
Chobar_Gorge_virus,Unassigned,Reoviridae,Sedoreovirinae,Orbivirus,0,00.060.0.02.006.,0,0,0,,,19200.0,1,1,True,True,Y,DS,RNA,non-enveloped,0,0
Classical_swine_fever_virus,Unassigned,Flaviviridae,,Pestivirus,0,,0,0,0,12183.0,12298.0,12240.5,1353,1164,True,False,N,SS,RNA,enveloped,0,0
Cocal_virus,Mononegavirales,Rhabdoviridae,,Vesiculovirus,0,,0,0,0,,,11003.0,21,19,True,False,Y,SS,RNA,enveloped,0,0
Colorado_tick_fever_virus,Unassigned,Reoviridae,Spinareovirinae,Coltivirus,1,00.060.0.04.001.,0,1,1,25000.0,27000.0,26000.0,115,77,True,True,Y,DS,RNA,non-enveloped,1,1
Corriparta_virus,Unassigned,Reoviridae,Sedoreovirinae,Orbivirus,0,00.060.0.02.007.,0,1,0,,,19200.0,9,4,True,True,Y,DS,RNA,non-enveloped,1,0
Cote_d'Ivoire_ebolavirus,Mononegavirales,Filoviridae,,Ebolavirus,0,,0,1,1,,,18935.0,1,1,True,False,N,SS,RNA,enveloped,1,1
Cottontail_rabbit_papillomavirus,Unassigned,Papillomaviridae,,Kappapapillomavirus,1,00.099.0.11.001.,0,0,0,,,7868.0,451,248,False,False,N,DS,DNA,non-enveloped,0,0
Cowbone_Ridge_virus,Unassigned,Flaviviridae,,Flavivirus,0,,0,0,0,,,10500.0,1,1,True,False,Y,SS,RNA,enveloped,0,0
Cowpox_virus,Unassigned,Poxviridae,Chordopoxvirinae,Orthopoxvirus,0,,0,1,1,225136.0,220915.0,223025.5,864,575,True,False,N,DS,DNA,enveloped,1,1
Cricetid_herpesvirus,Herpesvirales,Herpesviridae,,Ictalurivirus,0,,0,0,0,123913.0,124335.0,124194.33,1,1,False,False,N,DS,DNA,enveloped,0,0
Crimean-Congo_hemorrhagic_fever_virus,Unassigned,Bunyaviridae,,Nairovirus,0,00.011.0.03.002.,0,1,1,17100.0,22800.0,19950.0,403,412,True,True,Y,SS,RNA,enveloped,1,1
Cupixi_virus,Unassigned,Arenaviridae,,Arenavirus,0,,0,0,0,,,10438.0,1,1,True,True,N,SS,RNA,enveloped,0,0
Dakar_bat_virus,Unassigned,Flaviviridae,,Flavivirus,0,,0,0,0,,,10500.0,5,2,True,False,Y,SS,RNA,enveloped,0,0
Deer_adenovirus,Unassigned,Adenoviridae,,Atadenovirus,0,00.001.0.03.006.,0,0,0,,,30000.0,9,9,False,False,,DS,DNA,non-enveloped,0,0
Deer_papillomavirus,Unassigned,Papillomaviridae,,Deltapapillomavirus,0,,0,0,0,,,8374.0,5,12,False,False,N,DS,DNA,non-enveloped,0,0
Dengue_virus,Unassigned,Flaviviridae,,Flavivirus,0,00.026.0.01.013.,0,1,1,10649.0,10735.0,10692.0,6911,4902,True,False,Y,SS,RNA,enveloped,1,1
Dera_Ghazi_Khan_virus,Unassigned,Bunyaviridae,,Nairovirus,0,00.011.0.03.003.,0,1,0,18208.0,18505.0,18356.5,2,2,True,True,Y,SS,RNA,enveloped,1,0
Dhori_virus,Unassigned,Orthomyxoviridae,,Thogotovirus,0,00.046.0.03.002.,0,1,0,,,10000.0,52,20,False,True,Y,SS,RNA,enveloped,1,0
Dobrava-Belgrade_virus,Unassigned,Bunyaviridae,,Hantavirus,0,,0,1,1,,,11851.0,26,22,True,True,N,SS,RNA,enveloped,1,1
Dugbe_virus,Unassigned,Bunyaviridae,,Nairovirus,1,00.011.0.03.001.,0,1,0,17100.0,22800.0,19950.0,65,38,True,True,Y,SS,RNA,enveloped,1,0
Duvenhage_virus,Mononegavirales,Rhabdoviridae,,Lyssavirus,0,,0,1,1,,,11976.0,41,25,True,False,,SS,RNA,enveloped,1,1
Eastern_equine_encephalitis_virus,Unassigned,Togaviridae,,Alphavirus,0,00.073.0.01.008.,0,1,0,,,11675.0,437,415,True,False,Y,SS,RNA,enveloped,1,0
Ectromelia_virus,Unassigned,Poxviridae,Chordopoxvirinae,Orthopoxvirus,0,,0,0,0,,,209771.0,345,476,True,False,N,DS,DNA,enveloped,0,0
El_Moro_Canyon_virus,Unassigned,Bunyaviridae,,Hantavirus,0,,0,0,0,,,15450.0,5,4,True,True,N,SS,RNA,enveloped,0,0
Encephalomyocarditis_virus,Picornavirales,Picornaviridae,,Cardiovirus,1,00.052.0.04.001.,0,1,1,,,7835.0,3132,2423,True,False,N,SS,RNA,non-enveloped,1,1
Entebbe_bat_virus,Unassigned,Flaviviridae,,Flavivirus,0,,0,0,0,,,10510.0,7,5,True,False,Y,SS,RNA,enveloped,0,0
Epizootic_hemorrhagic_disease_virus,Unassigned,Reoviridae,Sedoreovirinae,Orbivirus,0,00.060.0.02.008.,0,0,0,,,19200.0,442,200,True,True,Y,DS,RNA,non-enveloped,0,0
Equid_herpesvirus_1,Herpesvirales,Herpesviridae,Alphaherpesvirinae,Varicellovirus,0,,0,0,0,,,142000.0,93,918,False,False,N,DS,DNA,enveloped,0,0
Equid_herpesvirus_2,Herpesvirales,Herpesviridae,Gammaherpesvirinae,Rhadinovirus,0,,0,0,0,,,184000.0,9,16,False,False,N,DS,DNA,enveloped,0,0
Equid_herpesvirus_3,Herpesvirales,Herpesviridae,Alphaherpesvirinae,Varicellovirus,0,,0,0,0,,,148000.0,4,34,False,False,N,DS,DNA,enveloped,0,0
Equid_herpesvirus_4,Herpesvirales,Herpesviridae,Alphaherpesvirinae,Varicellovirus,0,,0,0,0,,,145597.0,28,81,False,False,N,DS,DNA,enveloped,0,0
Equid_herpesvirus_5,Herpesvirales,Herpesviridae,Gammaherpesvirinae,Rhadinovirus,0,,0,0,0,,,150000.0,7,8,False,False,N,DS,DNA,enveloped,0,0
Equid_herpesvirus_7,Herpesvirales,Herpesviridae,Gammaherpesvirinae,Rhadinovirus,0,,0,0,0,,,180000.0,2,2,False,False,N,DS,DNA,enveloped,0,0
Equid_herpesvirus_8,Herpesvirales,Herpesviridae,Alphaherpesvirinae,Varicellovirus,0,,0,0,0,,,149332.0,0,0,False,False,N,DS,DNA,enveloped,0,0
Equid_herpesvirus_9,Herpesvirales,Herpesviridae,Alphaherpesvirinae,Varicellovirus,0,00.031.1.02.013.,0,0,0,,,148371.0,3,2,False,False,N,DS,DNA,enveloped,0,0
Equine_adenovirus_A,Unassigned,Adenoviridae,,Mastadenovirus,0,00.001.0.01.006.,0,0,0,,,35500.0,56,1,False,False,N,DS,DNA,non-enveloped,0,0
Equine_adenovirus_B,Unassigned,Adenoviridae,,Mastadenovirus,0,00.001.0.01.007.,0,0,0,,,35500.0,2,1,False,False,N,DS,DNA,non-enveloped,0,0
Equine_arteritis_virus,Nidovirales,Arteriviridae,,Arterivirus,1,03.004.0.01.002.,0,0,0,,,12704.0,637,406,True,False,N,SS,RNA,enveloped,0,0
Equine_encephalosis_virus,Unassigned,Reoviridae,Sedoreovirinae,Orbivirus,0,00.060.0.02.009.,0,0,0,,,19200.0,32,26,True,True,Y,DS,RNA,non-enveloped,0,0
Equine_foamy_virus,Unassigned,Retroviridae,Spumaretrovirinae,Spumavirus,0,,0,0,0,,,12035.0,4,5,False,False,N,SS,RNA,enveloped,0,0
Equine_infectious_anemia_virus,Unassigned,Retroviridae,Orthoretrovirinae,Lentivirus,0,00.061.1.06.003.,0,0,0,,,8359.0,811,748,False,False,Y,SS,RNA,enveloped,0,0
Equine_papillomavirus_1,Unassigned,Papillomaviridae,,Zetapapillomavirus,1,,0,0,0,,,7613.0,1,1,False,False,N,DS,DNA,non-enveloped,0,0
Equine_rhinitis_A_virus,Picornavirales,Picornaviridae,,Aphthovirus,0,,0,0,0,,,7734.0,30,28,True,False,N,SS,RNA,non-enveloped,0,0
Equine_rhinitis_B_virus,Picornavirales,Picornaviridae,,Erbovirus,1,,0,0,0,,,8828.0,17,16,True,False,N,SS,RNA,non-enveloped,0,0
Equine_torovirus,Nidovirales,Coronaviridae,Torovirinae,Torovirus,1,03.019.0.02.001.,0,0,0,,,28000.0,12,9,True,False,N,SS,RNA,enveloped,0,0
Eubenangee_virus,Unassigned,Reoviridae,Sedoreovirinae,Orbivirus,0,,0,0,0,,,19304.0,5,3,True,True,Y,DS,RNA,non-enveloped,0,0
European_bat_lyssavirus_1,Mononegavirales,Rhabdoviridae,,Lyssavirus,0,,0,1,1,,,11966.0,48,15,True,False,N,SS,RNA,enveloped,1,1
European_bat_lyssavirus_2,Mononegavirales,Rhabdoviridae,,Lyssavirus,0,,0,1,1,,,11966.0,48,15,True,False,N,SS,RNA,enveloped,1,1
European_brown_hare_syndrome_virus,Unassigned,Caliciviridae,,Lagovirus,0,00.012.0.02.002.,0,0,0,,,7442.0,47,23,True,False,N,SS,RNA,non-enveloped,0,0
European_elk_papillomavirus,Unassigned,Papillomaviridae,,Deltapapillomavirus,1,,0,0,0,,,8095.0,6,8,False,False,N,DS,DNA,non-enveloped,0,0
Everglades_virus,Unassigned,Togaviridae,,Alphavirus,0,00.073.0.01.009.,0,1,1,,,11395.0,13,10,True,False,Y,SS,RNA,enveloped,1,0
Eyach_virus,Unassigned,Reoviridae,Spinareovirinae,Coltivirus,0,,0,0,0,,,29210.0,13,14,True,True,Y,DS,RNA,non-enveloped,0,0
Felid_herpesvirus_1,Herpesvirales,Herpesviridae,Alphaherpesvirinae,Varicellovirus,0,,0,0,0,,,135797.0,25,22,False,False,N,DS,DNA,enveloped,0,0
Feline_astrovirus,Unassigned,Astroviridae,,Mamastrovirus,0,00.005.0.01.004.,0,0,0,6598.0,6795.0,6696.5,2,2,True,False,N,SS,RNA,non-enveloped,0,0
Feline_calicivirus,Unassigned,Caliciviridae,,Vesivirus,0,00.012.0.01.003.,0,0,0,,,7683.0,889,513,True,False,N,SS,RNA,non-enveloped,0,0
Feline_coronavirus,Nidovirales,Coronaviridae,,Coronavirus,0,03.019.0.01.004.,0,0,0,27000.0,33000.0,30000.0,436,322,True,False,N,SS,RNA,enveloped,0,0
Feline_foamy_virus,Unassigned,Retroviridae,Spumaretrovirinae,Spumavirus,0,,0,0,0,,,11700.0,55,51,False,False,N,SS,RNA,enveloped,0,0
Feline_immunodeficiency_virus,Unassigned,Retroviridae,Orthoretrovirinae,Lentivirus,0,00.061.1.06.004.,0,0,0,,,9474.0,2392,1689,False,False,N,SS,RNA,enveloped,0,0
Feline_leukemia_virus,Unassigned,Retroviridae,Orthoretrovirinae,Gammaretrovirus,0,,0,0,0,,,8837.0,1251,1707,False,False,N,SS,RNA,enveloped,0,0
Feline_panleukopenia_virus,Unassigned,Parvoviridae,Parvovirinae,Parvovirus,0,,0,0,0,,,5323.0,521,332,False,False,N,SS,DNA,non-enveloped,0,0
Feline_papillomavirus,Unassigned,Papillomaviridae,,Lambdapapillomavirus,0,,0,0,0,,,8300.0,3,2,False,False,N,DS,DNA,non-enveloped,0,0
Flexal_virus,Unassigned,Arenaviridae,,Arenavirus,0,00.003.0.01.008.,0,1,0,,,10448.0,5,2,True,True,N,SS,RNA,enveloped,1,0
Foot-and-mouth_disease_virus,Picornavirales,Picornaviridae,,Aphthovirus,1,00.052.0.05.001.,0,1,1,8115.0,8203.0,8159.0,4532,3351,True,False,N,SS,RNA,non-enveloped,1,1
Gan_Gan_virus,Unassigned,Bunyaviridae,,Unassigned,0,,0,1,0,,,12118.0,3,2,True,True,N,SS,RNA,enveloped,1,0
GB_virus_A,Unassigned,Flaviviridae,,Unassigned,0,,0,0,0,,,9550.0,15,19,True,False,N,SS,RNA,enveloped,0,0
GB_virus_B,Unassigned,Flaviviridae,,Hepacivirus,Tentative in genus,,0,0,0,,,9399.0,84,87,True,False,N,SS,RNA,enveloped,0,0
GB_virus_C,Unassigned,Flaviviridae,,Unassigned,0,00.026.0.00.002.,0,1,1,,,9392.0,1019,856,True,False,N,SS,RNA,enveloped,1,1
Getah_virus,Unassigned,Togaviridae,,Alphavirus,0,00.073.0.01.011.,0,1,1,,,11597.0,117,72,True,False,Y,SS,RNA,enveloped,1,1
Gibbon_ape_leukemia_virus,Unassigned,Retroviridae,Orthoretrovirinae,Gammaretrovirus,0,,0,1,0,,,8088.0,234,275,False,False,N,SS,RNA,enveloped,1,0
Goat_adenovirus,Unassigned,Adenoviridae,,Mastadenovirus,Tentative in genus,00.001.0.81.021.,0,0,0,,,29576.0,5,1,False,False,N,DS,DNA,non-enveloped,0,0
Goatpox_virus,Unassigned,Poxviridae,Chordopoxvirinae,Capripoxvirus,0,,0,0,0,,,149599.0,18,18,True,False,N,DS,DNA,enveloped,0,0
Great_Island_virus,Unassigned,Reoviridae,Sedoreovirinae,Orbivirus,0,,0,1,1,,,19200.0,12,5,True,True,Y,DS,RNA,non-enveloped,1,0
Ground_squirrel_hepatitis_virus,Unassigned,Hepadnaviridae,,Orthohepadnavirus,0,,0,0,0,,,3311.0,37,52,False,False,N,DS,DNA,enveloped,0,0
Guama_virus,Unassigned,Bunyaviridae,,Orthobunyavirus,0,00.011.0.01.023.,0,1,1,12300.0,12450.0,12375.0,6,2,True,True,Y,SS,RNA,enveloped,1,1
Guanarito_virus,Unassigned,Arenaviridae,,Arenavirus,0,00.003.0.01.009.,0,1,1,,,10424.0,60,23,True,True,N,SS,RNA,enveloped,1,1
Guaroa_virus,Unassigned,Bunyaviridae,,Orthobunyavirus,1,,0,1,1,,,12239.0,20,18,True,True,Y,SS,RNA,enveloped,1,0
Guinea_pig_adenovirus,Unassigned,Adenoviridae,,Mastadenovirus,Tentative in genus,00.001.0.81.022.,0,0,0,,,35500.0,7,5,False,False,N,DS,DNA,non-enveloped,0,0
Guinea_pig_type-C_oncovirus,Unassigned,Retroviridae,Orthoretrovirinae,Gammaretrovirus,0,,0,0,0,,,8300.0,0,0,False,False,N,SS,RNA,enveloped,0,0
H-1_parvovirus,Unassigned,Parvoviridae,,Parvovirus,Tentative in genus,,0,0,0,,,5176.0,47,5,False,False,N,SS,DNA,non-enveloped,0,0
Hamster_oral_papillomavirus,Unassigned,Papillomaviridae,,Pipapillomavirus,1,,0,0,0,,,7393.0,3,2,False,False,N,DS,DNA,non-enveloped,0,0
Hamster_parvovirus,Unassigned,Parvoviridae,,Parvovirus,Tentative in genus,,0,0,0,,,,5,5,False,False,N,SS,DNA,non-enveloped,0,0
Hamster_polyomavirus,Unassigned,Polyomaviridae,,Polyomavirus,,,0,0,0,5031.0,5353.0,5192.0,43,40,True,False,N,DS,DNA,non-enveloped,0,0
Hantaan_virus,Unassigned,Bunyaviridae,,Hantavirus,1,00.011.0.02.001.,0,1,0,,,11845.0,985,611,True,True,N,SS,RNA,enveloped,1,0
Hare_fibroma_virus,Unassigned,Poxviridae,Chordopoxvirinae,Leporipoxvirus,0,,0,0,0,,,159857.0,0,0,True,False,N,DS,DNA,enveloped,0,0
Hendra_virus,Mononegavirales,Paramyxoviridae,Paramyxovirinae,Henipavirus,1,01.048.1.04.001.,0,1,1,,,18234.0,373,186,True,False,N,SS,RNA,enveloped,1,1
Hepatitis_A_virus,Picornavirales,Picornaviridae,,Hepatovirus,1,00.052.0.03.001.,0,1,1,,,7478.0,95332,3806,True,False,N,SS,RNA,non-enveloped,1,1
Hepatitis_B_virus,Unassigned,Hepadnaviridae,,Orthohepadnavirus,1,00.052.0.03.001.,0,1,1,,,3215.0,43758,31456,False,False,N,DS,DNA,enveloped,1,1
Hepatitis_C_virus,Unassigned,Flaviviridae,,Hepacivirus,1,00.026.0.03.001.,0,1,1,9343.0,9711.0,9527.0,48531,30111,True,False,N,SS,RNA,enveloped,0,0
Hepatitis_delta_virus,Unassigned,Unassigned,,Deltavirus,1,82.022.0.01.001.,0,1,1,,,1682.0,2384,1925,False,False,N,SS,RNA,enveloped,0,0
Hepatitis_E_virus,Unassigned,Hepeviridae,,Hepevirus,1,00.084.0.01.001.,0,1,0,,,7176.0,2381,1874,True,False,N,SS,RNA,non-enveloped,1,0
Highlands_J_virus,Unassigned,Togaviridae,,Alphavirus,0,00.073.0.01.012.,0,0,0,,,11526.0,44,20,True,False,Y,SS,RNA,enveloped,0,0
Hippotragine_herpesvirus_1,Herpesvirales,Herpesviridae,Gammaherpesvirinae,Rhadinovirus,0,,0,0,0,,,180000.0,2,2,False,False,N,DS,DNA,enveloped,0,0
Human_adenovirus_A,Unassigned,Adenoviridae,,Mastadenovirus,0,00.001.0.01.008.,0,1,1,,,34125.0,2391,4,False,False,N,DS,DNA,non-enveloped,1,1
Human_adenovirus_B,Unassigned,Adenoviridae,,Mastadenovirus,0,00.001.0.01.009.,0,1,1,,,35514.0,17,6,False,False,N,DS,DNA,non-enveloped,1,1
Human_adenovirus_C,Unassigned,Adenoviridae,,Mastadenovirus,1,00.001.0.01.010.,0,1,1,,,35937.0,49,7,False,False,N,DS,DNA,non-enveloped,1,1
Human_adenovirus_D,Unassigned,Adenoviridae,,Mastadenovirus,0,00.001.0.01.011.,1,1,1,,,35100.0,10,4,False,False,N,DS,DNA,non-enveloped,1,1
Human_adenovirus_E,Unassigned,Adenoviridae,,Mastadenovirus,0,00.001.0.01.012.,0,1,1,,,35994.0,5,2,False,False,N,DS,DNA,non-enveloped,1,1
Human_adenovirus_F,Unassigned,Adenoviridae,,Mastadenovirus,0,00.001.0.01.013.,0,1,1,,,34214.0,8,1,False,False,N,DS,DNA,non-enveloped,1,1
Human_astrovirus,Unassigned,Astroviridae,,Mamastrovirus,1,00.005.0.01.001.,0,1,1,,,6813.0,179,139,True,False,N,SS,RNA,non-enveloped,0,0
Human_coronavirus_229E,Nidovirales,Coronaviridae,,Coronavirus,0,,0,1,1,,,27317.0,164,220,True,False,N,SS,RNA,enveloped,1,0
Human_coronavirus_OC43,Nidovirales,Coronaviridae,,Coronavirus,0,03.019.0.01.006.,0,1,1,,,6813.0,117,140,True,False,N,SS,RNA,enveloped,0,0
Human_enterovirus_A,Picornavirales,Picornaviridae,,Enterovirus,0,,0,1,1,,,7413.0,35,362,True,False,N,SS,RNA,non-enveloped,1,1
Human_enterovirus_B,Picornavirales,Picornaviridae,,Enterovirus,0,,0,1,1,,,7389.0,219,4096,True,False,N,SS,RNA,non-enveloped,1,1
Human_enterovirus_C,Picornavirales,Picornaviridae,,Enterovirus,0,,0,1,1,,,7440.0,17,76,True,False,N,SS,RNA,non-enveloped,0,0
Human_enterovirus_D,Picornavirales,Picornaviridae,,Enterovirus,0,,0,1,1,,,7390.0,6,31,True,False,N,SS,RNA,non-enveloped,1,1
Human_herpesvirus_1,Herpesvirales,Herpesviridae,Alphaherpesvirinae,Simplexvirus,1,00.031.1.01.001.,0,1,1,,,152261.0,2150,8034,False,False,N,DS,DNA,enveloped,1,1
Human_herpesvirus_2,Herpesvirales,Herpesviridae,,Simplexvirus,0,,0,1,1,,,154764.0,62,3085,False,False,N,DS,DNA,enveloped,0,0
Human_herpesvirus_3,Herpesvirales,Herpesviridae,Alphaherpesvirinae,Varicellovirus,1,00.031.1.02.001.,0,1,1,,,124844.0,381,4795,False,False,N,DS,DNA,enveloped,0,0
Human_herpesvirus_4,Herpesvirales,Herpesviridae,Gammaherpesvirinae,Lymphocryptovirus,1,00.031.3.01.001.,1,1,1,,,172764.0,1142,18860,False,False,N,DS,DNA,enveloped,1,1
Human_herpesvirus_5,Herpesvirales,Herpesviridae,Betaherpesvirinae,Cytomegalovirus,1,00.031.2.01.001.,0,1,1,,,235646.0,400,324,False,False,N,DS,DNA,enveloped,1,0
Human_herpesvirus_6,Herpesvirales,Herpesviridae,Betaherpesvirinae,Roseolovirus,1,00.031.2.03.001.,0,1,1,159322.0,162114.0,160718.0,2779,2530,False,False,N,DS,DNA,enveloped,0,0
Human_herpesvirus_7,Herpesvirales,Herpesviridae,Betaherpesvirinae,Roseolovirus,0,,0,1,1,,,153080.0,506,550,False,False,N,DS,DNA,enveloped,0,0
Human_herpesvirus_8,Herpesvirales,Herpesviridae,Gammaherpesvirinae,Rhadinovirus,0,,0,1,0,,,137969.0,3129,3711,False,False,N,DS,DNA,enveloped,0,0
Human_immunodeficiency_virus_1,Unassigned,Retroviridae,Orthoretrovirinae,Lentivirus,1,00.061.1.06.009.,0,1,1,,,9181.0,19705,5183,False,False,N,SS,RNA,enveloped,0,0
Human_immunodeficiency_virus_2,Unassigned,Retroviridae,Orthoretrovirinae,Lentivirus,0,00.061.1.06.010.,0,1,1,,,10359.0,1059,342,False,False,N,SS,RNA,enveloped,0,0
Human_metapneumovirus,Mononegavirales,Paramyxoviridae,Pneumovirinae,Metapneumovirus,0,,1,1,1,13281.0,13389.0,13335.0,1230,820,True,False,N,SS,RNA,enveloped,1,1
Human_norovirus-Alphatron,Unassigned,Caliciviridae,,Norovirus,Tentative in genus,,0,1,1,,,7800.0,0,0,True,False,N,SS,RNA,non-enveloped,1,1
Human_papillomavirus_1,Unassigned,Papillomaviridae,,Mupapillomavirus,1,,0,1,1,,,7815.0,11,7,False,False,N,DS,DNA,non-enveloped,0,0
Human_papillomavirus_10,Unassigned,Papillomaviridae,,Alphapapillomavirus,0,,0,1,1,,,7919.0,1,1,False,False,N,DS,DNA,non-enveloped,0,0
Human_papillomavirus_16,Unassigned,Papillomaviridae,,Alphapapillomavirus,0,,0,1,1,,,7905.0,2659,2492,False,False,N,DS,DNA,non-enveloped,0,0
Human_papillomavirus_18,Unassigned,Papillomaviridae,,Alphapapillomavirus,0,,0,1,1,,,7857.0,906,884,False,False,N,DS,DNA,non-enveloped,0,0
Human_papillomavirus_2,Unassigned,Papillomaviridae,,Alphapapillomavirus,0,,0,1,1,,,7859.0,8,8,False,False,N,DS,DNA,non-enveloped,0,0
Human_papillomavirus_26,Unassigned,Papillomaviridae,,Alphapapillomavirus,0,,0,1,1,,,7855.0,1,1,False,False,N,DS,DNA,non-enveloped,0,0
Human_papillomavirus_32,Unassigned,Papillomaviridae,,Alphapapillomavirus,1,,0,1,1,,,7961.0,2,2,False,False,N,DS,DNA,non-enveloped,0,0
Human_papillomavirus_34,Unassigned,Papillomaviridae,,Alphapapillomavirus,0,,0,1,1,,,7723.0,0,0,False,False,N,DS,DNA,non-enveloped,0,0
Human_papillomavirus_4,Unassigned,Papillomaviridae,,Gammapapillomavirus,1,,0,1,1,,,7353.0,1,1,False,False,N,DS,DNA,non-enveloped,0,0
Human_papillomavirus_41,Unassigned,Papillomaviridae,,Nupapillomavirus,1,,0,1,1,,,7614.0,1,1,False,False,N,DS,DNA,non-enveloped,0,0
Human_papillomavirus_48,Unassigned,Papillomaviridae,,Gammapapillomavirus,0,,0,1,1,,,7100.0,0,0,False,False,N,DS,DNA,non-enveloped,0,0
Human_papillomavirus_49,Unassigned,Papillomaviridae,,Betapapillomavirus,0,,0,1,1,,,7560.0,0,0,False,False,N,DS,DNA,non-enveloped,0,0
Human_papillomavirus_5,Unassigned,Papillomaviridae,,Betapapillomavirus,1,,0,1,1,,,7746.0,6,6,False,False,N,DS,DNA,non-enveloped,0,0
Human_papillomavirus_50,Unassigned,Papillomaviridae,,Gammapapillomavirus,0,,0,1,1,,,7184.0,1,1,False,False,N,DS,DNA,non-enveloped,0,0
Human_papillomavirus_53,Unassigned,Papillomaviridae,,Alphapapillomavirus,0,,0,1,1,,,7856.0,0,0,False,False,N,DS,DNA,non-enveloped,0,0
Human_papillomavirus_54,Unassigned,Papillomaviridae,,Alphapapillomavirus,0,,0,1,1,7717.0,7759.0,7738.0,0,0,False,False,N,DS,DNA,non-enveloped,0,0
Human_papillomavirus_6,Unassigned,Papillomaviridae,,Alphapapillomavirus,0,,0,1,1,,,8031.0,302,287,False,False,N,DS,DNA,non-enveloped,0,0
Human_papillomavirus_60,Unassigned,Papillomaviridae,,Gammapapillomavirus,0,,0,1,1,,,7313.0,4,3,False,False,N,DS,DNA,non-enveloped,0,0
Human_papillomavirus_61,Unassigned,Papillomaviridae,,Alphapapillomavirus,0,,0,1,1,,,7989.0,0,0,False,False,N,DS,DNA,non-enveloped,0,0
Human_papillomavirus_63,Unassigned,Papillomaviridae,,Mupapillomavirus,0,,0,1,1,,,7348.0,2,2,False,False,N,DS,DNA,non-enveloped,0,0
Human_papillomavirus_7,Unassigned,Papillomaviridae,,Alphapapillomavirus,0,,0,1,0,,,8027.0,2,2,False,False,N,DS,DNA,non-enveloped,0,0
Human_papillomavirus_71,Unassigned,Papillomaviridae,,Alphapapillomavirus,0,,0,1,0,8017.0,8038.0,8027.5,0,1,False,False,N,DS,DNA,non-enveloped,0,0
Human_papillomavirus_88,Unassigned,Papillomaviridae,,Gammapapillomavirus,0,,0,1,1,,,7326.0,1,1,False,False,N,DS,DNA,non-enveloped,0,0
Human_papillomavirus_9,Unassigned,Papillomaviridae,,Betapapillomavirus,0,,0,1,1,,,7434.0,1,1,False,False,N,DS,DNA,non-enveloped,0,0
Human_papillomavirus_cand90,Unassigned,Papillomaviridae,,Alphapapillomavirus,0,,0,1,1,8024.0,8033.0,8028.5,0,0,False,False,N,DS,DNA,non-enveloped,0,0
Human_papillomavirus_cand92,Unassigned,Papillomaviridae,,Betapapillomavirus,0,,0,1,1,,,7461.0,0,0,False,False,N,DS,DNA,non-enveloped,0,0
Human_papillomavirus_cand96,Unassigned,Papillomaviridae,,Betapapillomavirus,0,,0,1,1,,,7438.0,0,0,False,False,N,DS,DNA,non-enveloped,0,0
Human_parainfluenza_virus_1,Mononegavirales,Paramyxoviridae,Paramyxovirinae,Respirovirus,0,01.048.1.01.003.,0,1,1,,,15600.0,71,2706,True,False,N,SS,RNA,enveloped,1,0
Human_parainfluenza_virus_2,Mononegavirales,Paramyxoviridae,Paramyxovirinae,Rubulavirus,0,,0,1,0,,,15646.0,67,241,True,False,N,SS,RNA,enveloped,1,0
Human_parainfluenza_virus_3,Mononegavirales,Paramyxoviridae,Paramyxovirinae,Respirovirus,0,,0,1,1,,,15462.0,163,954,True,False,N,SS,RNA,enveloped,1,1
Human_parainfluenza_virus_4,Mononegavirales,Paramyxoviridae,Paramyxovirinae,Rubulavirus,0,,0,1,1,,,17304.0,4,25,True,False,N,SS,RNA,enveloped,0,0
Human_parechovirus,Picornavirales,Picornaviridae,,Parechovirus,1,00.052.0.06.001.,0,1,1,,,7348.0,122,89,True,False,N,SS,RNA,non-enveloped,0,0
Human_parvovirus_B19,Unassigned,Parvoviridae,Parvovirinae,Erythrovirus,1,00.050.1.02.001.,0,1,0,,,5594.0,1421,2425,False,False,,SS,DNA,non-enveloped,0,0
Human_picobirnavirus,Unassigned,Picobirnaviridae,,Picobirnavirus,1,,0,1,1,,,4270.0,12,7,True,True,,DS,RNA,non-enveloped,1,1
Human_polyomavirus,Unassigned,Polyomaviridae,,Polyomavirus,,,0,1,1,4926.0,5033.0,4984.25,784,517,True,False,N,DS,DNA,non-enveloped,0,0
Human_respiratory_syncytial_virus,Mononegavirales,Paramyxoviridae,Pneumovirinae,Pneumovirus,1,01.048.2.01.001.,1,1,1,,,15225.0,984,1561,True,False,,SS,RNA,enveloped,1,1
Human_rhinovirus_A,Picornavirales,Picornaviridae,,Rhinovirus,1,00.052.0.02.001.,0,1,1,,,7152.0,1461,9,True,False,N,SS,RNA,non-enveloped,0,0
Human_rhinovirus_B,Picornavirales,Picornaviridae,,Rhinovirus,0,,0,1,1,,,7212.0,4,4,True,False,N,SS,RNA,non-enveloped,0,0
Human_torovirus,Nidovirales,Coronaviridae,Torovirinae,Torovirus,0,,0,1,1,,,28000.0,8,6,True,False,N,SS,RNA,enveloped,0,0
Ife_virus,Unassigned,Reoviridae,,Orbivirus,0,,0,0,0,,,19200.0,5,4,True,False,Y,DS,RNA,non-enveloped,0,0
Ilheus_virus,Unassigned,Flaviviridae,,Flavivirus,0,,0,1,1,,,10755.0,46,20,True,False,Y,SS,RNA,enveloped,1,0
Influenza_A_virus,Unassigned,Orthomyxoviridae,,Influenzavirus A,1,00.046.0.01.001.,0,1,1,,,13444.6,28203,24642,True,True,N,SS,RNA,enveloped,1,1
Influenza_B_virus,Unassigned,Orthomyxoviridae,,Influenzavirus B,1,00.046.0.04.001.,0,1,1,,,12570.0,3403,2919,True,True,N,SS,RNA,enveloped,1,1
Influenza_C_virus,Unassigned,Orthomyxoviridae,,Influenzavirus C,1,00.046.0.02.001.,0,1,1,,,12555.0,493,277,True,True,N,SS,RNA,enveloped,1,1
Ippy_virus,Unassigned,Arenaviridae,,Arenavirus,0,00.003.0.01.002.,0,0,0,,,10682.0,7,4,True,True,N,SS,RNA,enveloped,0,0
Irkut_virus,Mononegavirales,Rhabdoviridae,,Lyssavirus,Tentative in genus,,0,0,0,,,11980.0,8,5,True,False,N,SS,RNA,enveloped,0,0
Isfahan_virus,Mononegavirales,Rhabdoviridae,,Vesiculovirus,0,,0,1,1,,,11088.0,17,9,True,False,Y,SS,RNA,enveloped,1,0
Isla_Vista_virus,Unassigned,Bunyaviridae,,Hantavirus,0,,0,0,0,,,15450.0,2,2,True,True,N,SS,RNA,enveloped,0,0
Issyk-Kul_virus,Unassigned,Bunyaviridae,,Unassigned,0,,0,0,0,,,19642.0,14,7,True,True,Y,SS,RNA,enveloped,0,0
Itaporanga_virus,Unassigned,Bunyaviridae,,Phlebovirus,Tentative in genus,,0,0,0,,,11300.0,3,1,True,True,Y,SS,RNA,enveloped,0,0
Jaagsiekte_sheep_retrovirus,Unassigned,Retroviridae,Orthoretrovirinae,Betaretrovirus,0,00.061.1.01.005.,0,0,0,,,7462.0,226,156,False,False,N,SS,RNA,enveloped,0,0
Japanaut_virus,Unassigned,Reoviridae,,Orbivirus,Tentative in genus,,0,0,0,,,19200.0,1,1,True,True,Y,DS,RNA,non-enveloped,0,0
Japanese_encephalitis_virus,Unassigned,Flaviviridae,,Flavivirus,0,00.026.0.01.019.,0,1,0,,,10976.0,2921,2087,True,False,Y,SS,RNA,enveloped,1,0
JC_polyomavirus,Unassigned,Polyomaviridae,,Polyomavirus,0,,0,1,1,4970.0,5169.0,5069.5,115,88,True,False,N,DS,DNA,non-enveloped,0,0
Jugra_virus,Unassigned,Flaviviridae,,Flavivirus,0,,0,0,0,,,11440.0,2,1,True,False,Y,SS,RNA,enveloped,0,0
Junin_virus,Unassigned,Arenaviridae,,Arenavirus,0,00.003.0.01.010.,0,1,1,,,10525.0,780,496,True,True,N,SS,RNA,enveloped,1,1
Jurona_virus,Mononegavirales,Rhabdoviridae,,Vesiculovirus,Tentative in genus,,0,0,0,,,11121.0,2,1,True,False,Y,SS,RNA,enveloped,0,0
Jutiapa_virus,Unassigned,Flaviviridae,,Flavivirus,0,,0,0,0,,,10125.0,1,1,True,False,Y,SS,RNA,enveloped,0,0
Kaeng_Khoi_virus,Unassigned,Bunyaviridae,,Orthobunyavirus,0,,0,0,0,,,12912.0,5,3,True,True,Y,SS,RNA,enveloped,0,0
Kairi_virus,Unassigned,Bunyaviridae,,Orthobunyavirus,0,,0,1,0,,,6137.0,10,6,True,True,Y,SS,RNA,enveloped,1,0
Kasokero_virus,Unassigned,Bunyaviridae,,Unassigned,0,,0,1,1,,,6317.0,3,1,True,True,N,SS,RNA,enveloped,1,1
Kern_Canyon_virus,Mononegavirales,Rhabdoviridae,,Unassigned,0,,0,0,0,,,,6,4,True,False,Y,SS,RNA,enveloped,0,0
Keuraliba_virus,Unassigned,Rhabdoviridae,,Unassigned,0,,0,0,0,,,,1,1,False,False,N,SS,RNA,enveloped,0,0
Khabarovsk_virus,Unassigned,Bunyaviridae,,Hantavirus,0,,0,0,0,12132.0,12132.0,12132.0,5,2,True,True,N,SS,RNA,enveloped,0,0
Khujand_virus,Mononegavirales,Rhabdoviridae,,Lyssavirus,Tentative in genus,,0,0,0,,,11903.0,9,4,True,False,N,SS,RNA,enveloped,0,0
Kilham_rat_virus,Unassigned,Parvoviridae,Parvovirinae,Parvovirus,0,,0,0,0,4746.0,5176.0,4961.625,115,88,False,False,N,SS,DNA,non-enveloped,0,0
Kokobera_virus,Unassigned,Flaviviridae,,Flavivirus,0,,0,1,0,,,10874.0,18,7,True,False,Y,SS,RNA,enveloped,1,0
Koongol_virus,Unassigned,Bunyaviridae,,Orthobunyavirus,0,00.011.0.01.026.,0,0,0,,,11202.0,4,1,True,True,Y,SS,RNA,enveloped,0,0
Kotonkan_virus,Unassigned,Rhabdoviridae,,Nucleorhabdovirus,0,,0,1,0,,,15867.0,4,4,False,False,Y,SS,RNA,enveloped,1,0
Koutango_virus,Unassigned,Flaviviridae,,Flavivirus,0,,0,1,1,,,10534.0,3,5,True,False,Y,SS,RNA,enveloped,1,1
Kyasanur_Forest_disease_virus,Unassigned,Flaviviridae,,Flavivirus,0,00.026.0.01.026.,0,1,1,,,10720.0,104,70,True,False,Y,SS,RNA,enveloped,1,1
Lactate_dehydrogenase-elevating_virus,Nidovirales,Arteriviridae,,Arterivirus,0,,0,0,0,,,14104.0,208,338,True,False,N,SS,RNA,enveloped,0,0
Lagos_bat_virus,Mononegavirales,Rhabdoviridae,,Lyssavirus,0,,0,0,0,,,12016.0,49,35,True,False,N,SS,RNA,enveloped,0,0
Laguna_Negra_virus,Unassigned,Bunyaviridae,,Hantavirus,0,,0,1,0,,,15450.0,15,8,True,True,N,SS,RNA,enveloped,1,0
Lake_Victoria_marburgvirus,Mononegavirales,Filoviridae,,Marburgvirus,1,01.025.0.01.001.,0,1,1,,,19111.0,12,12,True,False,N,SS,RNA,enveloped,1,1
Langur_virus,Unassigned,Retroviridae,Orthoretrovirinae,Betaretrovirus,,,0,0,0,,,9000.0,2,8,False,False,N,SS,RNA,enveloped,0,0
Lapine_parvovirus,Unassigned,Parvoviridae,Parvovirinae,Parvovirus,0,,0,0,0,,,,1,0,False,False,N,SS,DNA,non-enveloped,0,0
Lassa_virus,Unassigned,Arenaviridae,,Arenavirus,0,00.003.0.01.003.,0,1,1,,,10681.0,334,494,True,True,N,SS,RNA,enveloped,1,1
Latino_virus,Unassigned,Arenaviridae,,Arenavirus,0,00.003.0.01.011.,0,0,0,,,10648.0,2,2,True,True,N,SS,RNA,enveloped,0,0
Lebombo_virus,Unassigned,Reoviridae,Sedoreovirinae,Orbivirus,0,00.060.0.02.013.,0,1,1,,,19247.0,1,1,True,True,Y,DS,RNA,non-enveloped,1,1
Ljungan_virus,Picornavirales,Picornaviridae,,Parechovirus,0,,0,1,1,7590.0,7637.0,7613.5,60,41,True,False,N,SS,RNA,non-enveloped,1,1
Louping_ill_virus,Unassigned,Flaviviridae,,Flavivirus,0,,0,1,1,,,10871.0,154,117,True,False,Y,SS,RNA,enveloped,1,1
Lumpy_skin_disease_virus,Unassigned,Poxviridae,Chordopoxvirinae,Capripoxvirus,0,,0,0,0,,,150773.0,80,68,True,False,Y,DS,DNA,enveloped,0,0
Lymphocytic_choriomeningitis_virus,Unassigned,Arenaviridae,,Arenavirus,1,00.003.0.01.001.,0,1,1,,,10056.0,2613,2619,True,True,N,SS,RNA,enveloped,1,1
Macaque_simian_foamy_virus,Unassigned,Retroviridae,Spumaretrovirinae,Spumavirus,0,00.061.2.07.006.00.001.,0,0,0,,,12972.0,1,1,False,False,N,SS,RNA,enveloped,0,0
Machupo_virus,Unassigned,Arenaviridae,,Arenavirus,0,00.003.0.01.012.,0,1,0,,,10635.0,58,70,True,True,N,SS,RNA,enveloped,1,0
Macropodid_herpesvirus_1,Herpesvirales,Herpesviridae,Alphaherpesvirinae,Simplexvirus,0,,0,0,0,,,140122.0,7,7,False,False,N,DS,DNA,enveloped,0,0
Macropodid_herpesvirus_2,Herpesvirales,Herpesviridae,Alphaherpesvirinae,Simplexvirus,0,,0,0,0,,,135000.0,3,4,False,False,N,DS,DNA,enveloped,0,0
Madrid_virus,Unassigned,Bunyaviridae,,Orthobunyavirus,0,,0,0,0,926.0,,12604.0,1,1,True,True,Y,SS,RNA,enveloped,0,0
Main_Drain_virus,Unassigned,Bunyaviridae,,Orthobunyavirus,0,,0,0,0,,,5996.0,4,5,True,True,Y,SS,RNA,enveloped,0,0
Mammalian_orthoreovirus,Unassigned,Reoviridae,,Orthoreovirus,1,,0,0,0,,,23540.0,496,589,True,True,N,DS,RNA,non-enveloped,0,0
Manzanilla_virus,Unassigned,Bunyaviridae,,Orthobunyavirus,0,,0,0,0,11790.0,12414.0,12270.67,2,2,True,True,Y,SS,RNA,enveloped,0,0
Mapuera_virus,Mononegavirales,Paramyxoviridae,Paramyxovirinae,Rubulavirus,0,,0,0,0,,,15486.0,5,6,True,False,N,SS,RNA,enveloped,0,0
Maraba_virus,Mononegavirales,Rhabdoviridae,,Vesiculovirus,0,,0,0,0,,,11135.0,4,3,True,False,Y,SS,RNA,enveloped,0,0
Marituba_virus,Unassigned,Bunyaviridae,,Orthobunyavirus,0,,0,1,1,11706.0,12599.0,12029.5,14,8,True,True,Y,SS,RNA,enveloped,1,1
Marmodid_herpesvirus_1,Herpesvirales,Herpesviridae,Gammaherpesvirinae,Rhadinovirus,Tentative in genus,,0,0,0,,,180000.0,1,1,False,False,N,DS,DNA,enveloped,0,0
Mason-Pfizer_monkey_virus,Unassigned,Retroviridae,Orthoretrovirinae,Betaretrovirus,0,00.061.1.01.003.,0,0,0,,,8557.0,250,347,False,False,N,SS,RNA,enveloped,0,0
Mastomys_natalensis_papillomavirus,Unassigned,Papillomaviridae,,Iotapapillomavirus,1,,0,0,0,,,7687.0,15,7,False,False,N,DS,DNA,non-enveloped,0,0
Mayaro_virus,Unassigned,Togaviridae,,Alphavirus,0,00.073.0.01.014.,0,1,1,,,11411.0,71,62,True,False,Y,SS,RNA,enveloped,1,0
Measles_virus,Mononegavirales,Paramyxoviridae,Paramyxovirinae,Morbillivirus,1,01.048.1.02.001.,1,1,1,,,15894.0,5019,6767,True,False,N,SS,RNA,enveloped,1,1
Menangle_virus,Mononegavirales,Paramyxoviridae,Paramyxovirinae,Rubulavirus,Tentative in genus,01.048.0.00.004.,0,1,0,,,15516.0,33,26,True,False,N,SS,RNA,enveloped,1,0
Middelburg_virus,Unassigned,Togaviridae,,Alphavirus,0,00.073.0.01.015.,0,0,0,,,11700.0,8,12,True,False,Y,SS,RNA,enveloped,0,0
Minatitlan_virus,Unassigned,Bunyaviridae,,Orthobunyavirus,0,00.011.0.01.033.,0,0,0,12300.0,12450.0,12375.0,1,1,True,True,Y,SS,RNA,enveloped,0,0
Mink_astrovirus,Unassigned,Astroviridae,,Mamastrovirus,0,,0,0,0,,,6610.0,5,5,True,False,N,SS,RNA,non-enveloped,0,0
Mink_calicivirus,Unassigned,Caliciviridae,,Vesivirus,Tentative in genus,,0,0,0,,,8427.0,3,3,True,False,N,SS,RNA,non-enveloped,0,0
Mink_enteric_sapovirus,Unassigned,Caliciviridae,,Sapovirus,Tentative in genus,,0,0,0,,,7800.0,0,0,True,False,N,SS,RNA,non-enveloped,0,0
Minute_virus_of_mice,Unassigned,Parvoviridae,Parvovirinae,Parvovirus,1,,0,0,0,,,5149.0,414,490,False,False,N,SS,DNA,non-enveloped,0,0
Mobala_virus,Unassigned,Arenaviridae,,Arenavirus,0,00.003.0.01.005.,0,0,0,,,10705.0,6,5,True,True,N,SS,RNA,enveloped,0,0
Modoc_virus,Unassigned,Flaviviridae,,Flavivirus,0,00.026.0.01.031.,0,1,0,,,10600.0,18,20,True,False,Y,SS,RNA,enveloped,1,0
Mokola_virus,Mononegavirales,Rhabdoviridae,,Lyssavirus,0,,0,1,1,11940.0,11957.0,11948.5,111,76,True,False,Y,SS,RNA,enveloped,1,1
Molluscum_contagiosum_virus,Unassigned,Poxviridae,Chordopoxvirinae,Molluscipoxvirus,1,00.058.1.07.001.,0,1,1,,,190289.0,178,280,True,False,N,DS,DNA,enveloped,0,0
Moloney_murine_sarcoma_virus,Unassigned,Retroviridae,,Gammaretrovirus,0,,0,0,0,,,5833.0,229,522,False,False,N,SS,RNA,enveloped,0,0
Monkeypox_virus,Unassigned,Poxviridae,Chordopoxvirinae,Orthopoxvirus,0,,0,1,1,,,196858.0,234,357,True,False,N,DS,DNA,enveloped,1,1
Montana_myotis_leukoencephalitis_virus,Unassigned,Flaviviridae,,Flavivirus,0,,0,0,0,,,10690.0,3,3,True,False,Y,SS,RNA,enveloped,0,0
Mopeia_virus,Unassigned,Arenaviridae,,Arenavirus,0,00.003.0.01.006.,0,0,0,,,10698.0,15,19,True,True,,SS,RNA,enveloped,0,0
Mosso_das_Pedras_virus_78V3531,Unassigned,Togaviridae,,Alphavirus,0,,0,1,1,,,11465.0,1,1,True,False,Y,SS,RNA,enveloped,0,0
Mount_Elgon_bat_virus,Mononegavirales,Rhabdoviridae,,Vesiculovirus,Tentative in genus,,0,0,0,,,11049.0,8,8,True,False,N,SS,RNA,enveloped,0,0
Mouse_mammary_tumor_virus,Unassigned,Retroviridae,Orthoretrovirinae,Betaretrovirus,1,00.061.1.01.001.,0,0,0,,,8805.0,2050,3910,False,False,,SS,RNA,enveloped,0,0
Mouse_parvovirus_1,Unassigned,Parvoviridae,Parvovirinae,Parvovirus,0,,0,0,0,,,5144.0,13,10,False,False,N,SS,DNA,non-enveloped,0,0
Mucambo_virus,Unassigned,Togaviridae,,Alphavirus,0,00.073.0.01.016.,0,0,0,,,11500.0,13,12,True,False,Y,SS,RNA,enveloped,0,0
Muleshoe_virus,Unassigned,Bunyaviridae,,Hantavirus,0,,0,0,0,,,15450.0,1,1,True,True,N,SS,RNA,enveloped,0,0
Mumps_virus,Mononegavirales,Paramyxoviridae,Paramyxovirinae,Rubulavirus,1,01.048.1.03.001.,1,1,1,,,15384.0,1028,2183,True,False,N,SS,RNA,enveloped,1,0
Murid_herpesvirus_1,Herpesvirales,Herpesviridae,Betaherpesvirinae,Muromegalovirus,1,,0,0,0,,,235000.0,1,1,False,False,N,DS,DNA,enveloped,0,0
Murid_herpesvirus_2,Herpesvirales,Herpesviridae,Betaherpesvirinae,Muromegalovirus,0,,0,0,0,,,230138.0,0,0,False,False,N,DS,DNA,enveloped,0,0
Murid_herpesvirus_3,Herpesvirales,Herpesviridae,,Ictalurivirus,1,,0,0,0,,,134000.0,1,6,False,False,N,DS,DNA,enveloped,0,0
Murid_herpesvirus_4,Herpesvirales,Herpesviridae,Gammaherpesvirinae,Rhadinovirus,0,,0,0,0,,,135000.0,48,48,False,False,N,DS,DNA,enveloped,0,0
Murid_herpesvirus_5,Herpesvirales,Herpesviridae,,Ictalurivirus,1,,0,0,0,,,134000.0,1,1,False,False,N,DS,DNA,enveloped,0,0
Murine_adenovirus_A,Unassigned,Adenoviridae,,Mastadenovirus,0,,0,0,0,,,30944.0,1,1,False,False,N,DS,DNA,non-enveloped,0,0
Murine_adenovirus_B,Unassigned,Adenoviridae,,Mastadenovirus,Tentative in genus,00.001.0.81.023.,0,0,0,,,35500.0,1,1,False,False,N,DS,DNA,non-enveloped,0,0
Murine_hepatitis_virus,Nidovirales,Coronaviridae,,Coronavirus,0,03.019.0.01.007.,0,0,0,,,31526.0,262,1950,True,False,N,SS,RNA,enveloped,0,0
Murine_leukemia_virus,Unassigned,Retroviridae,Orthoretrovirinae,Gammaretrovirus,1,00.061.1.02.001.,0,0,0,,,5894.0,6376,12242,False,False,N,SS,RNA,enveloped,0,0
Murine_norovirus_1,Unassigned,Caliciviridae,,Norovirus,Tentative in genus,,0,0,0,,,7382.0,94,57,True,False,N,SS,RNA,non-enveloped,0,0
Murine_pneumonia_virus,Mononegavirales,Paramyxoviridae,Pneumovirinae,Pneumovirus,0,,0,1,0,,,14885.0,4,54,True,False,N,SS,RNA,enveloped,1,0
Murine_pneumotropic_virus,Unassigned,Polyomaviridae,,Polyomavirus,,,0,0,0,,,4754.0,7,6,False,False,N,DS,DNA,non-enveloped,0,0
Murine_polyomavirus,Unassigned,Polyomaviridae,,Polyomavirus,,,0,0,0,,,5297.0,151,101,False,False,N,DS,DNA,non-enveloped,0,0
Murray_Valley_encephalitis_virus,Unassigned,Flaviviridae,,Flavivirus,0,,0,1,0,,,11014.0,119,186,True,False,Y,SS,RNA,enveloped,1,0
Mustelid_herpesvirus_1,Herpesvirales,Herpesviridae,Gammaherpesvirinae,Rhadinovirus,0,,0,0,0,,,180000.0,4,3,False,False,N,DS,DNA,enveloped,0,0
Myxoma_virus,Unassigned,Poxviridae,Chordopoxvirinae,Leporipoxvirus,1,00.058.1.05.001.,0,0,0,,,161773.0,548,424,True,False,N,DS,DNA,enveloped,0,0
Nariva_virus,Mononegavirales,Paramyxoviridae,,Unassigned,0,,0,0,0,,,15276.0,9,8,True,False,N,SS,RNA,enveloped,0,0
Ndumu_virus,Unassigned,Togaviridae,,Alphavirus,0,00.073.0.01.017.,0,1,0,,,11700.0,2,2,True,False,Y,SS,RNA,enveloped,1,0
Nelson_Bay_orthoreovirus,Unassigned,Reoviridae,,Orthoreovirus,0,,0,0,0,,,23500.0,3,3,True,True,N,DS,RNA,non-enveloped,0,0
New_York_virus,Unassigned,Bunyaviridae,,Hantavirus,0,,0,1,1,,,15450.0,9,4,True,True,N,SS,RNA,enveloped,1,1
Newcastle_disease_virus,Mononegavirales,Paramyxoviridae,,Avulavirus,1,,0,1,1,15186.0,15198.0,15192.0,10233,5709,True,False,N,SS,RNA,enveloped,0,0
Nipah_virus,Mononegavirales,Paramyxoviridae,Paramyxovirinae,Henipavirus,0,01.048.1.04.002.,0,1,1,,,18246.0,516,374,True,False,N,SS,RNA,enveloped,1,1
Norwalk_virus,Unassigned,Caliciviridae,,Norovirus,1,00.012.0.03.001.,0,1,1,,,7654.0,773,787,True,False,N,SS,RNA,non-enveloped,1,0
Ntaya_virus,Unassigned,Flaviviridae,,Flavivirus,0,00.026.0.01.033.,0,1,0,,,11000.0,2,4,True,False,Y,SS,RNA,enveloped,0,0
Nyando_virus,Unassigned,Bunyaviridae,,Orthobunyavirus,0,00.011.0.01.034.,0,1,1,12300.0,13450.0,12875.0,2,5,True,True,Y,SS,RNA,enveloped,0,0
O'nyong-nyong_virus,Unassigned,Togaviridae,,Alphavirus,0,00.073.0.01.019.,0,1,1,,,11835.0,21,33,True,False,Y,SS,RNA,enveloped,1,0
Oita_virus,Mononegavirales,Rhabdoviridae,,Unassigned,0,,0,0,0,,,,4,1,True,False,,SS,RNA,enveloped,0,0
Okola_virus,Unassigned,Bunyaviridae,,Unassigned,0,00.011.0.00.413.,0,1,0,10500.0,22700.0,16600.0,2,1,True,True,Y,SS,RNA,enveloped,0,0
Oliveros_virus,Unassigned,Arenaviridae,,Arenavirus,0,00.003.0.01.013.,0,0,0,,,10719.0,8,5,True,True,N,SS,RNA,enveloped,0,0
Omsk_hemorrhagic_fever_virus,Unassigned,Flaviviridae,,Flavivirus,0,00.026.0.01.034.,0,1,1,,,10787.0,16,22,True,False,Y,SS,RNA,enveloped,1,1
Orf_virus,Unassigned,Poxviridae,Chordopoxvirinae,Parapoxvirus,1,00.058.1.02.001.,0,1,1,,,139962.0,334,311,True,False,N,DS,DNA,enveloped,1,1
Oriboca_virus,Unassigned,Bunyaviridae,,Orthobunyavirus,0,,0,1,0,,,12259.0,5,8,True,True,Y,SS,RNA,enveloped,1,0
Oropouche_virus,Unassigned,Bunyaviridae,,Orthobunyavirus,0,00.011.0.01.037.,0,1,1,,,11985.0,45,41,True,True,Y,SS,RNA,enveloped,1,0
Orungo_virus,Unassigned,Reoviridae,Sedoreovirinae,Orbivirus,0,00.060.0.02.014.,0,1,1,,,19200.0,15,14,True,True,Y,DS,RNA,non-enveloped,1,0
Ovine_adenovirus_A,Unassigned,Adenoviridae,,Mastadenovirus,0,00.001.0.01.015.,0,0,0,,,33034.0,90,1,False,False,N,DS,DNA,non-enveloped,0,0
Ovine_adenovirus_D,Unassigned,Adenoviridae,,Atadenovirus,1,00.001.0.03.001.,0,0,0,,,29576.0,1,1,False,False,N,DS,DNA,non-enveloped,0,0
Ovine_astrovirus,Unassigned,Astroviridae,,Mamastrovirus,0,00.005.0.01.006.,0,0,0,,,6440.0,4,5,True,False,N,SS,RNA,non-enveloped,0,0
Ovine_herpesvirus_2,Herpesvirales,Herpesviridae,Gammaherpesvirinae,Rhadinovirus,0,,0,0,0,,,135135.0,136,101,False,False,N,DS,DNA,enveloped,0,0
Ovine_papillomavirus_1,Unassigned,Papillomaviridae,,Deltapapillomavirus,0,,0,0,0,,,7761.0,1,1,False,False,N,DS,DNA,non-enveloped,0,0
Palyam_virus,Unassigned,Reoviridae,Sedoreovirinae,Orbivirus,0,00.060.0.02.015.,0,1,1,,,19200.0,6,11,True,True,Y,DS,RNA,non-enveloped,1,1
Pampa_virus,Unassigned,Arenaviridae,,Arenavirus,Tentative in genus,,0,0,0,,,7400.0,1,1,True,True,N,SS,RNA,enveloped,0,0
Parainfluenza_virus_5,Mononegavirales,Paramyxoviridae,Paramyxovirinae,Rubulavirus,0,,0,1,1,,,15246.0,55,91,True,False,,SS,RNA,enveloped,1,1
Parana_virus,Unassigned,Arenaviridae,,Arenavirus,0,,0,0,0,,,10494.0,2,4,True,True,N,SS,RNA,enveloped,0,0
Parapoxvirus_of_red_deer_in_New_Zealand,Unassigned,Poxviridae,Chordopoxvirinae,Parapoxvirus,0,,0,0,0,,,139981.0,4,4,True,False,N,DS,DNA,enveloped,0,0
Patois_virus,Unassigned,Bunyaviridae,,Orthobunyavirus,0,00.011.0.01.038.,0,1,0,12300.0,12450.0,12375.0,2,2,True,True,Y,SS,RNA,enveloped,1,0
Peruvian_horse_sickness_virus,Unassigned,Reoviridae,Sedoreovirinae,Orbivirus,0,,0,0,0,,,19748.0,2,2,True,True,Y,DS,RNA,non-enveloped,0,0
Peste-des-petits-ruminants_virus,Mononegavirales,Paramyxoviridae,Paramyxovirinae,Morbillivirus,0,,0,0,0,,,15948.0,305,260,True,False,N,SS,RNA,enveloped,0,0
Phnom_Penh_bat_virus,Unassigned,Flaviviridae,,Flavivirus,0,,0,0,0,,,10131.0,3,2,True,False,N,SS,RNA,enveloped,0,0
Phocid_herpesvirus_1,Herpesvirales,Herpesviridae,Alphaherpesvirinae,Varicellovirus,0,,0,0,0,,,125000.0,13,13,False,False,N,DS,DNA,enveloped,0,0
Phocine_distemper_virus,Mononegavirales,Paramyxoviridae,Paramyxovirinae,Morbillivirus,0,,0,0,0,,,15696.0,150,140,True,False,N,SS,RNA,enveloped,0,0
Phocoena_spinipinnis_papillomavirus,Unassigned,Papillomaviridae,,Omikronpapillomavirus,1,,0,0,0,,,7879.0,1,1,False,False,N,DS,DNA,non-enveloped,0,0
Pichinde_virus,Unassigned,Arenaviridae,,Arenavirus,0,00.003.0.01.015.,0,1,0,,,10416.0,144,157,True,True,N,SS,RNA,enveloped,1,0
Pig-tailed_macaque_parvovirus,Unassigned,Parvoviridae,Parvovirinae,Erythrovirus,0,,0,0,0,,,,0,0,False,False,N,SS,DNA,non-enveloped,0,0
Pirital_virus,Unassigned,Arenaviridae,,Arenavirus,0,00.003.0.01.016.,0,0,0,,,10482.0,15,11,True,True,N,SS,RNA,enveloped,0,0
Piry_virus,Mononegavirales,Rhabdoviridae,,Vesiculovirus,0,,0,1,1,,,11000.0,22,18,True,False,Y,SS,RNA,enveloped,0,0
Pixuna_virus,Unassigned,Togaviridae,,Alphavirus,0,00.073.0.01.020.,0,1,0,,,11344.0,6,13,True,False,Y,SS,RNA,enveloped,1,0
Poliovirus,Picornavirales,Picornaviridae,,Enterovirus,1,00.052.0.01.001.,0,1,1,,,7440.0,8538,13829,True,False,N,SS,RNA,non-enveloped,0,0
Pongine_herpesvirus_1,Herpesvirales,Herpesviridae,Gammaherpesvirinae,Lymphocryptovirus,0,,0,0,0,,,170000.0,0,0,False,False,N,DS,DNA,enveloped,0,0
Pongine_herpesvirus_2,Herpesvirales,Herpesviridae,Gammaherpesvirinae,Lymphocryptovirus,0,,0,0,0,,,180000.0,0,0,False,False,N,DS,DNA,enveloped,0,0
Pongine_herpesvirus_3,Herpesvirales,Herpesviridae,Gammaherpesvirinae,Lymphocryptovirus,0,,0,0,0,,,180000.0,0,0,False,False,N,DS,DNA,enveloped,0,0
Pongine_herpesvirus_4,Herpesvirales,Herpesviridae,Betaherpesvirinae,Cytomegalovirus,0,,0,0,0,,,241087.0,0,0,False,False,N,DS,DNA,enveloped,0,0
Porcine_adenovirus_A,Unassigned,Adenoviridae,,Mastadenovirus,0,00.001.0.01.017.,0,0,0,,,34094.0,104,1,False,False,,DS,DNA,non-enveloped,0,0
Porcine_adenovirus_B,Unassigned,Adenoviridae,,Mastadenovirus,0,00.001.0.01.018.,0,0,0,,,35500.0,1,1,False,False,,DS,DNA,non-enveloped,0,0
Porcine_adenovirus_C,Unassigned,Adenoviridae,,Mastadenovirus,0,00.001.0.01.019.,0,0,0,,,32621.0,1,1,False,False,,DS,DNA,non-enveloped,0,0
Porcine_astrovirus,Unassigned,Astroviridae,,Mamastrovirus,0,00.005.0.01.007.,0,0,0,6318.0,6500.0,6479.25,6,9,True,False,,SS,RNA,non-enveloped,0,0
Porcine_circovirus-1,Unassigned,Circoviridae,,Circovirus,1,00.016.0.01.001.,0,0,0,,,1758.0,11,11,False,False,N,SS,DNA,non-enveloped,0,0
Porcine_circovirus-2,Unassigned,Circoviridae,,Circovirus,0,00.016.0.01.005.,0,0,0,,,1768.0,184,156,False,False,N,SS,DNA,non-enveloped,0,0
Porcine_enteric_sapovirus,Unassigned,Caliciviridae,,Sapovirus,Tentative in genus,,0,0,0,,,7342.0,2,1,True,False,N,SS,RNA,non-enveloped,0,0
Porcine_enterovirus_A,Picornavirales,Picornaviridae,,Enterovirus,0,,0,0,0,7491.0,7572.0,7531.5,1,1,True,False,N,SS,RNA,non-enveloped,0,0
Porcine_enterovirus_B,Picornavirales,Picornaviridae,,Enterovirus,0,,0,0,0,7388.0,7393.0,7390.5,5,5,True,False,N,SS,RNA,non-enveloped,0,0
Porcine_epidemic_diarrhea_virus,Nidovirales,Coronaviridae,Coronavirinae,Alphacoronavirus,0,03.019.0.01.008.,0,0,0,,,28033.0,105,108,True,False,N,SS,RNA,enveloped,0,0
Porcine_hemagglutinating_encephalomyelitis_virus,Nidovirales,Coronaviridae,,Coronavirus,0,03.019.0.01.009.,0,0,0,,,30480.0,14,18,True,False,N,SS,RNA,enveloped,0,0
Porcine_parvovirus,Unassigned,Parvoviridae,Parvovirinae,Parvovirus,0,,0,0,0,5516.0,5805.0,5660.5,551,478,False,False,N,SS,DNA,non-enveloped,0,0
Porcine_reproductive_and_respiratory_syndrome_virus,Nidovirales,Arteriviridae,,Arterivirus,0,,0,0,0,15347.0,15352.0,15349.5,1651,1249,True,False,N,SS,RNA,enveloped,0,0
Porcine_rubulavirus,Mononegavirales,Paramyxoviridae,Paramyxovirinae,Rubulavirus,0,,0,0,0,,,15180.0,35,30,True,False,N,SS,RNA,enveloped,0,0
Porcine_teschovirus,Picornavirales,Picornaviridae,,Teschovirus,1,,0,0,0,,,7117.0,51,44,True,False,N,SS,RNA,non-enveloped,0,0
Porcine_torovirus,Nidovirales,Coronaviridae,Torovirinae,Torovirus,0,,0,0,0,,,28301.0,11,11,True,False,N,SS,RNA,enveloped,0,0
Porcine_type-C_oncovirus,Unassigned,Retroviridae,Orthoretrovirinae,Gammaretrovirus,0,,0,0,0,,,8300.0,0,0,False,False,N,SS,RNA,enveloped,0,0
Possum_adenovirus,Unassigned,Adenoviridae,,Atadenovirus,0,00.001.0.03.007.,0,0,0,,,30000.0,3,3,False,False,N,DS,DNA,non-enveloped,0,0
Powassan_virus,Unassigned,Flaviviridae,,Flavivirus,0,,0,1,1,10746.0,10839.0,10792.5,162,97,True,False,Y,SS,RNA,enveloped,1,1
Primate_T-lymphotropic_virus_1,Unassigned,Retroviridae,Orthoretrovirinae,Deltaretrovirus,0,,0,1,0,,,9028.0,1,4,False,False,N,SS,RNA,enveloped,1,0
Primate_T-lymphotropic_virus_2,Unassigned,Retroviridae,,Deltaretrovirus,0,,0,1,1,8507.0,9028.0,8767.5,2,2,False,False,N,SS,RNA,enveloped,1,1
Primate_T-lymphotropic_virus_3,Unassigned,Retroviridae,Orthoretrovirinae,Deltaretrovirus,0,,0,1,1,,,8918.0,1,17,False,False,N,SS,RNA,enveloped,1,1
Prospect_Hill_virus,Unassigned,Bunyaviridae,,Hantavirus,0,,0,0,0,,,11941.0,65,31,True,True,N,SS,RNA,enveloped,0,0
Pseudocowpox_virus,Unassigned,Poxviridae,Chordopoxvirinae,Parapoxvirus,0,,0,1,1,133169.0,145289.0,139229.0,54,46,True,False,N,DS,DNA,enveloped,1,1
Puma_lentivirus,Unassigned,Retroviridae,Orthoretrovirinae,Lentivirus,0,,0,0,0,,,9750.0,21,20,False,False,N,SS,RNA,enveloped,0,0
Punta_Toro_virus,Unassigned,Bunyaviridae,,Phlebovirus,0,00.011.0.04.006.,0,1,1,11400.0,14700.0,13050.0,67,51,True,True,Y,SS,RNA,enveloped,1,0
Puumala_virus,Unassigned,Bunyaviridae,,Hantavirus,0,,0,1,1,,,12062.0,395,409,True,True,N,SS,RNA,enveloped,1,1
Qalyub_virus,Unassigned,Bunyaviridae,,Nairovirus,0,,0,0,0,19229.0,19764.0,19451.5,3,3,True,True,Y,SS,RNA,enveloped,0,0
Quaranfil_virus,Unassigned,Orthomyxoviridae,,Unassigned,0,,0,1,1,,,,15,11,,True,Y,SS,RNA,enveloped,0,0
Rabbit_coronavirus,Nidovirales,Coronaviridae,,Coronavirus,Tentative in genus,,0,0,0,30904.0,31116.0,31010.0,5,7,True,False,N,SS,RNA,enveloped,0,0
Rabbit_fibroma_virus,Unassigned,Poxviridae,Chordopoxvirinae,Leporipoxvirus,0,,0,0,0,,,159857.0,59,134,True,False,N,DS,DNA,enveloped,0,0
Rabbit_hemorrhagic_disease_virus,Unassigned,Caliciviridae,,Lagovirus,1,00.012.0.02.001.,0,0,0,,,7437.0,132,291,True,False,N,SS,RNA,non-enveloped,0,0
Rabbit_kidney_vacuolating_virus,Unassigned,Polyomaviridae,,Polyomavirus,,,0,0,0,,,5000.0,5,7,False,False,N,DS,DNA,non-enveloped,0,0
Rabbit_oral_papillomavirus,Unassigned,Papillomaviridae,,Kappapapillomavirus,0,,0,0,0,,,7565.0,11,13,False,False,N,DS,DNA,non-enveloped,0,0
Rabies_virus,Mononegavirales,Rhabdoviridae,,Lyssavirus,1,01.062.0.02.001.,0,1,1,,,11932.0,2953,4483,True,False,N,SS,RNA,enveloped,1,1
Racoonpox_virus,Unassigned,Poxviridae,Chordopoxvirinae,Orthopoxvirus,0,,0,0,0,,,210000.0,1,0,True,False,N,DS,DNA,enveloped,0,0
Rat_coronavirus,Nidovirales,Coronaviridae,,Coronavirus,0,03.019.0.01.011.,0,0,0,,,31250.0,32,56,True,False,N,SS,RNA,enveloped,0,0
Rat_minute_virus_1,Unassigned,Parvoviridae,,Parvovirus,Tentative in genus,,0,0,0,,,,1,1,False,False,N,SS,DNA,non-enveloped,0,0
Rat_parvovirus_1,Unassigned,Parvoviridae,,Parvovirus,Tentative in genus,,0,0,0,,,4759.0,1,1,False,False,N,SS,DNA,non-enveloped,0,0
Reston_ebolavirus,Mononegavirales,Filoviridae,,Ebolavirus,0,,0,1,0,18836.0,18895.0,18865.5,25,24,True,False,N,SS,RNA,enveloped,1,0
Rhesus_macaque_parvovirus,Unassigned,Parvoviridae,Parvovirinae,Erythrovirus,0,,0,0,0,,,,0,0,False,False,N,SS,DNA,non-enveloped,0,0
Rhesus_monkey_papillomavirus_1,Unassigned,Papillomaviridae,,Alphapapillomavirus,0,,0,0,0,,,8028.0,0,0,False,False,N,DS,DNA,non-enveloped,0,0
Rift_Valley_fever_virus,Unassigned,Bunyaviridae,,Phlebovirus,1,00.011.0.04.007.,0,1,1,,,11979.0,459,644,True,True,Y,SS,RNA,enveloped,1,1
Rinderpest_virus,Mononegavirales,Paramyxoviridae,Paramyxovirinae,Morbillivirus,0,,0,0,0,,,15882.0,548,627,True,False,N,SS,RNA,enveloped,0,0
Rio_Bravo_virus,Unassigned,Flaviviridae,,Flavivirus,0,00.026.0.01.037.,0,1,0,,,10140.0,5,6,True,False,Y,SS,RNA,enveloped,1,0
Rio_Mamore_virus,Unassigned,Bunyaviridae,,Hantavirus,0,,0,1,1,,,12183.0,12,12,True,True,N,SS,RNA,enveloped,1,1
Rio_Negro_virus,Unassigned,Togaviridae,,Alphavirus,0,00.073.0.01.029.,0,1,0,,,11494.0,3,3,True,False,Y,SS,RNA,enveloped,0,0
Rio_Segundo_virus,Unassigned,Bunyaviridae,,Hantavirus,0,,0,0,0,,,15450.0,0,0,True,True,N,SS,RNA,enveloped,0,0
Ross_River_virus,Unassigned,Togaviridae,,Alphavirus,0,00.073.0.01.021.,0,1,1,,,11657.0,486,405,True,False,Y,SS,RNA,enveloped,1,1
Rotavirus_A,Unassigned,Reoviridae,Sedoreovirinae,Rotavirus,1,00.060.0.03.001.,0,1,1,528.0,3267.0,18562.0,9291,62,True,True,N,DS,RNA,non-enveloped,1,1
Rotavirus_B,Unassigned,Reoviridae,Sedoreovirinae,Rotavirus,0,00.060.0.03.002.,0,1,1,16500.0,21000.0,18750.0,5,34,True,True,N,DS,RNA,non-enveloped,1,1
Rotavirus_C,Unassigned,Reoviridae,Sedoreovirinae,Rotavirus,0,00.060.0.03.003.,0,1,1,613.0,3309.0,17910.0,7,5,True,True,N,DS,RNA,non-enveloped,1,1
Rotavirus_E,Unassigned,Reoviridae,Sedoreovirinae,Rotavirus,0,00.060.0.03.005.,0,0,0,16500.0,21000.0,18750.0,6,4,True,True,N,DS,RNA,non-enveloped,0,0
Rubella_virus,Unassigned,Togaviridae,,Rubivirus,1,00.073.0.02.001.,0,1,1,,,9762.0,1506,3672,True,False,N,SS,RNA,enveloped,0,0
Sabia_virus,Unassigned,Arenaviridae,,Arenavirus,0,00.003.0.01.017.,0,1,1,,,10499.0,22,18,True,True,N,SS,RNA,enveloped,0,0
Saboya_virus,Unassigned,Flaviviridae,,Flavivirus,0,,0,0,0,11440.0,11443.0,11441.5,2,2,True,False,Y,SS,RNA,enveloped,0,0
Saimiriine_herpesvirus_1,Herpesvirales,Herpesviridae,,Simplexvirus,0,,0,0,0,,,156742.0,3,3,False,False,N,DS,DNA,enveloped,0,0
Saimiriine_herpesvirus_2,Herpesvirales,Herpesviridae,Gammaherpesvirinae,Rhadinovirus,1,00.031.3.02.001.,0,0,0,,,112930.0,10,493,False,False,N,DS,DNA,enveloped,0,0
Sal_Vieja_virus,Unassigned,Flaviviridae,,Flavivirus,0,,0,0,0,,,10500.0,0,1,True,False,Y,SS,RNA,enveloped,0,0
Salehabad_virus,Unassigned,Bunyaviridae,,Phlebovirus,0,00.011.0.04.008.,0,0,0,11400.0,14700.0,13050.0,1,1,True,True,Y,SS,RNA,enveloped,0,0
Salem_virus,Mononegavirales,Paramyxoviridae,,Unassigned,0,,0,0,0,,,16698.0,4,4,True,False,N,SS,RNA,enveloped,0,0
San_Perlita_virus,Unassigned,Flaviviridae,,Flavivirus,0,,0,0,0,,,10500.0,1,1,True,False,Y,SS,RNA,enveloped,0,0
Sandfly_fever_Naples_virus,Unassigned,Bunyaviridae,,Phlebovirus,0,00.011.0.04.009.,0,1,1,,,12488.0,10,69,True,True,Y,SS,RNA,enveloped,1,1
Sandfly_fever_Sicilian_virus,Unassigned,Bunyaviridae,,Phlebovirus,Tentative in genus,00.011.0.84.011.,0,1,1,,,11300.0,13,17,True,True,Y,SS,RNA,enveloped,1,0
Sapporo_virus,Unassigned,Caliciviridae,,Sapovirus,Tentative in genus,00.012.0.04.001.,0,1,1,7320.0,7521.0,7420.0,33,20,True,False,N,SS,RNA,non-enveloped,0,0
Sathuperi_virus,Unassigned,Bunyaviridae,,Orthobunyavirus,0,,0,0,0,,,12034.0,2,3,True,True,Y,SS,RNA,enveloped,0,0
Sciurid_herpesvirus_1,Unassigned,Herpesviridae,,Ictalurivirus,1,,0,0,0,,,134000.0,1,1,False,False,N,DS,DNA,enveloped,0,0
Sciurid_herpesvirus_2,Unassigned,Herpesviridae,,Ictalurivirus,0,,0,0,0,,,134000.0,1,1,False,False,N,DS,DNA,enveloped,0,0
Sealpox_virus,Unassigned,Poxviridae,Chordopoxvirinae,Parapoxvirus,Tentative in genus,,0,1,1,,,140000.0,7,4,True,False,N,DS,DNA,enveloped,1,1
Semliki_Forest_virus,Unassigned,Togaviridae,,Alphavirus,0,00.073.0.01.023.,0,1,0,,,11442.0,2440,2092,True,False,Y,SS,RNA,enveloped,1,0
Sendai_virus,Mononegavirales,Paramyxoviridae,Paramyxovirinae,Respirovirus,1,01.048.1.01.001.,0,0,0,,,15384.0,3406,3250,True,False,N,SS,RNA,enveloped,0,0
Seoul_virus,Unassigned,Bunyaviridae,,Hantavirus,0,,0,1,0,,,11950.0,141,141,True,True,N,SS,RNA,enveloped,1,0
Sepik_virus,Unassigned,Flaviviridae,,Flavivirus,0,,0,0,0,,,10793.0,12,3,True,False,Y,SS,RNA,enveloped,0,0
Severe_acute_respiratory_syndrome-related_coronavirus,Nidovirales,Coronaviridae,Coronavirinae,Betacoronavirus,0,,0,1,0,,,29751.0,5,6,True,False,N,SS,RNA,enveloped,1,0
Shamonda_virus,Unassigned,Bunyaviridae,,Orthobunyavirus,0,,0,1,1,,,12104.0,1,2,True,True,Y,SS,RNA,enveloped,1,1
Sheeppox_virus,Unassigned,Poxviridae,Chordopoxvirinae,Capripoxvirus,1,00.058.1.04.001.,0,0,0,,,149955.0,24,24,True,False,N,DS,DNA,enveloped,0,0
Shuni_virus,Unassigned,Bunyaviridae,,Orthobunyavirus,0,,0,1,1,,,12135.0,1,1,True,True,Y,SS,RNA,enveloped,1,1
Simbu_virus,Unassigned,Bunyaviridae,,Orthobunyavirus,0,00.011.0.01.043.,0,0,0,,,12172.0,2,103,True,True,Y,SS,RNA,enveloped,0,0
Simian_adenovirus,Unassigned,Adenoviridae,,Mastadenovirus,Tentative in genus,,0,0,0,34450.0,34510.0,34480.0,155,194,False,False,N,DS,DNA,non-enveloped,0,0
Simian_enterovirus_A,Picornavirales,Picornaviridae,,Enterovirus,0,,0,0,0,,,7374.0,0,0,True,False,N,SS,RNA,non-enveloped,0,0
Simian_foamy_virus,Unassigned,Retroviridae,Spumaretrovirinae,Spumavirus,1,00.061.2.07.001.,0,1,1,,,13246.0,151,144,False,False,N,SS,RNA,enveloped,1,1
Simian_hemorrhagic_fever_virus,Nidovirales,Arteriviridae,,Arterivirus,0,,0,0,0,15204.0,15717.0,15460.5,32,35,True,False,N,SS,RNA,enveloped,0,0
Simian_immunodeficiency_virus,Unassigned,Retroviridae,Orthoretrovirinae,Lentivirus,0,00.061.1.06.011.,0,0,0,,,9623.0,4718,5546,False,False,N,SS,RNA,enveloped,0,0
Simian_parvovirus,Unassigned,Parvoviridae,Parvovirinae,Erythrovirus,0,,0,1,0,,,,30,13,False,False,N,SS,DNA,non-enveloped,1,0
Simian_virus_10,Mononegavirales,Paramyxoviridae,Paramyxovirinae,Respirovirus,0,01.048.1.01.006.,0,1,0,,,15000.0,4,1,True,False,N,SS,RNA,enveloped,1,0
Simian_virus_12,Unassigned,Polyomaviridae,,Polyomavirus,0,,0,0,0,,,5206.0,1,1,False,False,,DS,DNA,non-enveloped,0,0
Simian_virus_40,Unassigned,Polyomaviridae,,Polyomavirus,1,00.047.0.01.001.,0,1,1,,,5243.0,7091,13452,False,False,,DS,DNA,non-enveloped,1,1
Simian_virus_5,Mononegavirales,Paramyxoviridae,Paramyxovirinae,Rubulavirus,0,,0,0,0,,,15246.0,275,233,True,False,,SS,RNA,enveloped,0,0
Sin_Nombre_virus,Unassigned,Bunyaviridae,,Hantavirus,0,00.011.0.02.019.,0,1,1,,,12317.0,366,240,True,True,N,SS,RNA,enveloped,1,1
Sindbis_virus,Unassigned,Togaviridae,,Alphavirus,1,00.073.0.01.001.,0,1,1,,,11703.0,2290,2380,True,False,Y,SS,RNA,enveloped,1,0
Southern_elephant_seal_virus,Unassigned,Togaviridae,,Alphavirus,0,,0,0,0,,,11245.0,2,2,True,False,,SS,RNA,enveloped,0,0
Squirrel_adenovirus,Unassigned,Adenoviridae,,Mastadenovirus,Tentative in genus,,0,0,0,,,35500.0,1,0,False,False,N,DS,DNA,non-enveloped,0,0
Squirrel_fibroma_virus,Unassigned,Poxviridae,Chordopoxvirinae,Leporipoxvirus,0,,0,0,0,,,160000.0,2,3,True,False,N,DS,DNA,enveloped,0,0
Squirrel_monkey_retrovirus,Unassigned,Retroviridae,Orthoretrovirinae,Betaretrovirus,,,0,0,0,,,8785.0,29,39,False,False,N,SS,RNA,enveloped,0,0
Squirrel_parapoxvirus,Unassigned,Poxviridae,Chordopoxvirinae,Parapoxvirus,0,,0,0,0,,,140000.0,3,1,True,False,N,DS,DNA,enveloped,0,0
St._Louis_encephalitis_virus,Unassigned,Flaviviridae,,Flavivirus,0,00.026.0.01.044.,0,1,1,,,10940.0,138,488,True,False,Y,SS,RNA,enveloped,1,1
Sudan_ebolavirus,Mononegavirales,Filoviridae,,Ebolavirus,0,,0,1,1,,,18875.0,15,14,True,False,N,SS,RNA,enveloped,0,0
Suid_herpesvirus_1,Herpesvirales,Herpesviridae,Alphaherpesvirinae,Varicellovirus,0,,0,1,0,137764.0,144489.0,141126.5,138,2250,False,False,N,DS,DNA,enveloped,1,0
Swine_norovirus,Unassigned,Caliciviridae,,Norovirus,Tentative in genus,,0,0,0,,,7800.0,1,1,True,False,N,SS,RNA,non-enveloped,0,0
Swinepox_virus,Unassigned,Poxviridae,Chordopoxvirinae,Suipoxvirus,1,00.058.1.06.001.,0,0,0,,,146454.0,138,45,True,False,N,DS,DNA,enveloped,0,0
Tacaiuma_virus,Unassigned,Bunyaviridae,,Orthobunyavirus,0,,0,1,1,960.0,,12400.0,4,3,True,True,Y,SS,RNA,enveloped,1,0
Tacaribe_virus,Unassigned,Arenaviridae,,Arenavirus,0,00.003.0.01.018.,0,1,0,,,10534.0,80,80,True,True,N,SS,RNA,enveloped,1,0
Tamana_bat_virus,Unassigned,Flaviviridae,,Flavivirus,Tentative in genus,,0,0,0,,,10428.0,7,3,True,False,Y,SS,RNA,enveloped,0,0
Tamdy_virus,Unassigned,Bunyaviridae,,Unassigned,0,,0,1,1,,,,3,1,True,True,Y,SS,RNA,enveloped,0,0
Tamiami_virus,Unassigned,Arenaviridae,,Arenavirus,0,00.003.0.01.019.,0,0,0,,,10674.0,17,9,True,True,N,SS,RNA,enveloped,0,0
Tanapox_virus,Unassigned,Poxviridae,Chordopoxvirinae,Yatapoxvirus,0,,0,1,1,144553.0,144565.0,144559.0,34,17,True,False,N,DS,DNA,enveloped,1,0
Tataguine_virus,Unassigned,Bunyaviridae,,Unassigned,0,,0,1,1,,,16790.0,8,6,True,True,Y,SS,RNA,enveloped,0,0
Taterapox_virus,Unassigned,Poxviridae,Chordopoxvirinae,Orthopoxvirus,0,,0,0,0,,,198050.0,1,2,True,False,N,DS,DNA,enveloped,0,0
Tembusu_virus,Unassigned,Flaviviridae,,Flavivirus,0,,0,1,0,,,10916.0,3,6,True,False,Y,SS,RNA,enveloped,1,0
Thailand_virus,Unassigned,Bunyaviridae,,Hantavirus,0,,0,1,0,,,15450.0,26,21,True,True,N,SS,RNA,enveloped,1,0
Theilovirus,Picornavirales,Picornaviridae,,Cardiovirus,0,,0,0,0,,,8101.0,15,587,True,False,N,SS,RNA,non-enveloped,0,0
Thiafora_virus,Unassigned,Bunyaviridae,,Nairovirus,0,,0,1,0,,,15450.0,0,0,True,True,Y,SS,RNA,enveloped,1,0
Thogoto_virus,Unassigned,Orthomyxoviridae,,Thogotovirus,1,00.046.0.03.001.,0,1,1,,,10461.0,131,84,True,True,Y,SS,RNA,enveloped,1,1
Thottapalayam_virus,Unassigned,Bunyaviridae,,Hantavirus,0,,0,0,0,,,11732.0,35,15,True,True,N,SS,RNA,enveloped,0,0
Tick-borne_encephalitis_virus,Unassigned,Flaviviridae,,Flavivirus,0,00.026.0.01.046.,0,1,0,,,11141.0,1081,1357,True,False,Y,SS,RNA,enveloped,1,0
Tioman_virus,Mononegavirales,Paramyxoviridae,Paramyxovirinae,Rubulavirus,Tentative in genus,,0,1,0,,,15522.0,26,18,True,False,N,SS,RNA,enveloped,1,0
Tonate_virus,Unassigned,Togaviridae,,Alphavirus,0,00.073.0.01.033.,0,1,1,,,11500.0,6,6,True,False,,SS,RNA,enveloped,0,0
Topografov_virus,Unassigned,Bunyaviridae,,Hantavirus,0,,0,0,0,,,15450.0,3,3,True,True,N,SS,RNA,enveloped,0,0
Torque_Teno_virus,Unassigned,Anelloviridae,,Anellovirus,1,,0,1,1,3234.0,3814.0,3524.0,603,566,,False,N,SS,DNA,non-enveloped,1,1
Transmissible_gastroenteritis_virus,Nidovirales,Coronaviridae,,Coronavirus,0,03.019.0.01.010.,0,0,0,,,28597.0,736,863,True,False,N,SS,RNA,enveloped,0,0
Tree_shrew_adenovirus,Unassigned,Adenoviridae,,Mastadenovirus,0,00.001.0.01.020.,0,0,0,,,33501.0,7,8,False,False,N,DS,DNA,non-enveloped,0,0
Trubanaman_virus,Unassigned,Bunyaviridae,,Unassigned,0,,0,1,0,,,11803.0,3,1,True,True,Y,SS,RNA,enveloped,1,0
Tula_virus,Unassigned,Bunyaviridae,,Hantavirus,0,,0,1,1,,,12066.0,52,39,True,True,N,SS,RNA,enveloped,1,1
Tupaia_paramyxovirus,Mononegavirales,Paramyxoviridae,,Unassigned,0,,0,0,0,,,17904.0,4,7,True,False,N,SS,RNA,enveloped,0,0
Tupaiid_herpesvirus_1,Herpesvirales,Herpesviridae,Betaherpesvirinae,Unassigned,0,,0,0,0,,,196000.0,0,0,False,False,N,DS,DNA,enveloped,0,0
Turlock_virus,Unassigned,Bunyaviridae,,Orthobunyavirus,0,00.011.0.01.048.,0,0,0,,,12250.0,10,11,True,True,Y,SS,RNA,enveloped,0,0
Uganda_S_virus,Unassigned,Flaviviridae,,Flavivirus,0,,0,0,0,,,10182.0,3,7,True,False,Y,SS,RNA,enveloped,0,0
Una_virus,Unassigned,Togaviridae,,Alphavirus,0,00.073.0.01.025.,0,1,0,,,11700.0,4,6,True,False,Y,SS,RNA,enveloped,1,0
Upolu_virus,Unassigned,Bunyaviridae,,Unassigned,0,,0,0,0,10500.0,22700.0,16600.0,1,1,True,True,Y,SS,RNA,enveloped,0,0
Usutu_virus,Unassigned,Flaviviridae,,Flavivirus,0,,0,1,1,,,11066.0,65,46,True,False,Y,SS,RNA,enveloped,1,0
Uukuniemi_virus,Unassigned,Bunyaviridae,,Phlebovirus,0,00.011.0.04.010.,0,1,0,,,11372.0,117,74,True,True,Y,SS,RNA,enveloped,1,0
Vaccinia_virus,Unassigned,Poxviridae,Chordopoxvirinae,Orthopoxvirus,1,,0,1,1,,,194711.0,9846,11148,True,False,N,DS,DNA,enveloped,1,0
Variola_virus,Unassigned,Poxviridae,Chordopoxvirinae,Orthopoxvirus,0,00.058.1.01.011.,0,1,1,,,185578.0,383,1028,True,False,N,DS,DNA,enveloped,0,0
Venezuelan_equine_encephalitis_virus,Unassigned,Togaviridae,,Alphavirus,0,00.073.0.01.026.,0,1,1,,,11444.0,415,1023,True,False,Y,SS,RNA,enveloped,1,1
Vesicular_exanthema_of_swine_virus,Unassigned,Caliciviridae,,Vesivirus,1,00.012.0.01.001.,0,0,0,,,8284.0,29,52,True,False,N,SS,RNA,non-enveloped,0,0
Vesicular_stomatitis_Alagoas_virus,Mononegavirales,Rhabdoviridae,,Vesiculovirus,0,,0,1,0,,,11070.0,1,0,True,False,Y,SS,RNA,enveloped,1,0
Vesicular_stomatitis_Indiana_virus,Mononegavirales,Rhabdoviridae,,Vesiculovirus,1,01.062.0.01.001.,0,1,0,,,11161.0,11,5023,True,False,Y,SS,RNA,enveloped,1,0
Vesicular_stomatitis_New_Jersey_virus,Mononegavirales,Rhabdoviridae,,Vesiculovirus,0,,0,1,0,,,11123.0,23,32,True,False,N,SS,RNA,enveloped,1,0
Visna/maedi_virus,Unassigned,Retroviridae,Orthoretrovirinae,Lentivirus,0,00.061.1.06.008.,0,0,0,,,9202.0,62,23,True,False,N,SS,RNA,enveloped,0,0
Volepox_virus,Unassigned,Poxviridae,Chordopoxvirinae,Orthopoxvirus,0,,0,0,0,,,210000.0,3,4,True,False,N,DS,DNA,enveloped,0,0
Wad_Medani_virus,Unassigned,Reoviridae,Sedoreovirinae,Orbivirus,0,,0,0,0,,,18009.0,0,2,True,True,Y,DS,RNA,non-enveloped,0,0
Wallal_virus,Unassigned,Reoviridae,Sedoreovirinae,Orbivirus,0,,0,0,0,,,19180.0,4,6,True,True,Y,DS,RNA,non-enveloped,0,0
Walrus_calicivirus,Unassigned,Caliciviridae,,Unassigned,0,,0,0,0,,,8289.0,4,6,True,False,N,SS,RNA,non-enveloped,0,0
Wanowrie_virus,Unassigned,Bunyaviridae,,Unassigned,0,,0,1,1,,,,5,4,True,True,Y,SS,RNA,enveloped,0,0
Warrego_virus,Unassigned,Reoviridae,Sedoreovirinae,Orbivirus,0,,0,0,0,15537.0,18590.0,17063.5,2,2,True,True,Y,DS,RNA,non-enveloped,0,0
Wesselsbron_virus,Unassigned,Flaviviridae,,Flavivirus,0,,0,1,1,,,10814.0,34,30,True,False,Y,SS,RNA,enveloped,1,1
West_Caucasian_bat_virus,Mononegavirales,Rhabdoviridae,,Lyssavirus,Tentative in genus,,0,0,0,,,12278.0,7,8,True,False,N,SS,RNA,enveloped,0,0
West_Nile_virus,Unassigned,Flaviviridae,,Flavivirus,0,00.026.0.01.051.,0,1,1,,,11029.0,4772,3935,True,False,Y,SS,RNA,enveloped,1,1
Western_equine_encephalitis_virus,Unassigned,Togaviridae,,Alphavirus,0,00.073.0.01.027.,0,1,1,,,11000.0,148,472,True,False,Y,SS,RNA,enveloped,1,1
Whitewater_Arroyo_virus,Unassigned,Arenaviridae,,Arenavirus,0,00.003.0.01.020.,0,1,1,,,10448.0,33,17,True,True,N,SS,RNA,enveloped,1,1
Witwatersrand_virus,Unassigned,Bunyaviridae,,Unassigned,0,,0,0,0,,,12251.0,1,1,True,True,Y,SS,RNA,enveloped,0,0
Wongorr_virus,Unassigned,Reoviridae,Sedoreovirinae,Orbivirus,0,,0,0,0,,,19200.0,1,1,True,True,Y,DS,RNA,non-enveloped,0,0
Woodchuck_hepatitis_virus,Unassigned,Hepadnaviridae,,Orthohepadnavirus,0,,0,0,0,,,3323.0,574,548,False,False,N,DS,DNA,enveloped,0,0
Woolly_monkey_sarcoma_virus,Unassigned,Retroviridae,Orthoretrovirinae,Gammaretrovirus,0,,0,1,0,,,5159.0,2,235,False,False,N,SS,RNA,enveloped,1,0
Wyeomyia_virus,Unassigned,Bunyaviridae,,Orthobunyavirus,0,,0,1,1,13015.0,13170.0,13097.5,2,1,True,True,Y,SS,RNA,enveloped,1,1
Yaba_monkey_tumor_virus,Unassigned,Poxviridae,Chordopoxvirinae,Yatapoxvirus,1,00.058.1.08.001.,0,1,0,,,134721.0,15,115,True,False,N,DS,DNA,enveloped,1,0
Yellow_fever_virus,Unassigned,Flaviviridae,,Flavivirus,1,00.026.0.01.001.,0,1,1,,,10862.0,1091,1230,True,False,Y,SS,RNA,enveloped,1,1
Yogue_virus,Unassigned,Bunyaviridae,,Unassigned,0,00.011.0.00.718.,0,0,0,10500.0,22700.0,16600.0,1,1,True,True,Y,SS,RNA,enveloped,0,0
Yokose_virus,Unassigned,Flaviviridae,,Flavivirus,0,00.011.0.00.718.,0,0,0,,,10857.0,5,5,True,False,Y,SS,RNA,enveloped,0,0
Zaire_ebolavirus,Mononegavirales,Filoviridae,,Ebolavirus,1,01.025.0.02.001.,0,1,1,,,18959.0,55,54,True,False,N,SS,RNA,enveloped,1,1
Zegla_virus,Unassigned,Bunyaviridae,,Orthobunyavirus,0,,0,0,0,,,,0,0,True,True,Y,SS,RNA,enveloped,0,0
Zika_virus,Unassigned,Flaviviridae,,Flavivirus,0,,0,1,1,,,10794.0,29,31,True,False,Y,SS,RNA,enveloped,1,0
